Workbook

Sheet Cost_Summary
A3: Cost Summary:
A4: Current Trip Count | B4: =294/30 -> 9.8
A5: Proposed Trip Count | B5: 9.33
A6: Count of DH | B6: 27
A7: Monthly Current Cost (Cr) | B7: 38
A8: Monthly Proposed Fixed Cost (Cr) | B8: 35.88
A9: Adhoc Cost (Cr) | B9: =B8*0.03 -> 1.0764
A10: Total Savings | B10: =-sum(B8:B9)+B7 -> 1.0436

Sheet Accruals Zonal 26th-24th June25

Sheet Location_file
A1: location_name | B1: latitude | C1: longitude | D1: demand | E1: time_window_start (minutes) | F1: time_window_end (minutes) | G1: depot_departure (minutes) | H1: ML | I1: fixed_hop_position | J1: Freq_Allowed
A2: CTL/PBI | B2: 26.104 | C2: 91.523 | D2: 0 | E2: 0 | F2: 5000 | G2: 0 | H2: 32 | I2: NaN | J2: 1
A3: SAT/FKSIL | B3: 24.832 | C3: 92.775 | D3: 877 | E3: 1 | F3: 3240 | G3: 1 | H3: 32 | I3: NaN | J3: 1
A4: SAT/HKD | B4: 24.718 | C4: 92.574 | D4: 241 | E4: 1 | F4: 3240 | G4: 1 | H4: 32 | I4: NaN | J4: 1
A5: SAT/BDPR1 | B5: 24.865 | C5: 92.565 | D5: 278 | E5: 2 | F5: 3240 | G5: 2 | H5: 32 | I5: NaN | J5: 1
A6: SAT/FKKXJ | B6: 24.815 | C6: 92.378 | D6: 455 | E6: 2 | F6: 3240 | G6: 2 | H6: 32 | I6: NaN | J6: 1
A7: SAT/FKSRN | B7: 27.022 | C7: 94.667 | D7: 662.3 | E7: 3 | F7: 3240 | G7: 3 | H7: 32 | I7: NaN | J7: 1
A8: SAT/MNT1 | B8: 27.259 | C8: 94.9109 | D8: 203.5 | E8: 3 | F8: 3240 | G8: 3 | H8: 32 | I8: NaN | J8: 1
A9: SAT/RJH2 | B9: 27.3013 | C9: 95.273 | D9: 347.8 | E9: 3 | F9: 3240 | G9: 3 | H9: 32 | I9: NaN | J9: 1
A10: SAT/BKK1 | B10: 26.486 | C10: 93.978 | D10: 536.5 | E10: 4 | F10: 3240 | G10: 4 | H10: 32 | I10: NaN | J10: 1
A11: SAT/SRU | B11: 26.2833 | C11: 93.8843 | D11: 162.8 | E11: 4 | F11: 3240 | G11: 4 | H11: 32 | I11: NaN | J11: 1
A12: SAT/IMPAL | B12: 24.747 | C12: 93.934 | D12: 484.7 | E12: 5 | F12: 3240 | G12: 5 | H12: 32 | I12: NaN | J12: 1
A13: SAT/FKNHL | B13: 27.161 | C13: 93.679 | D13: 773.3 | E13: 6 | F13: 3240 | G13: 6 | H13: 32 | I13: NaN | J13: 1
... A54: SAT/PALASHBARI | B54: 26.11 | C54: 91.53 | D54: 540.2 | E54: 36 | F54: 3240 | G54: 36 | H54: 32 | I54: NaN | J54: 1

Sheet Expanded_Schedule
A1: Route_ID | B1: Location | C1: Arrival_Time | D1: Departure_Time | E1: Freq | F1: Vehicle_Length | G1: Total_Demand | H1: Route_Sequence
A2: 1 | B2: CTL/PBI | D2: 3020 | E2: 2 | F2: 20 | G2: 1154.4 | H2: CTL/PBI -> SAT/FKMAN -> CTL/PBI
A3: 1 | B3: SAT/FKMAN | C3: 3240 | D3: 3360 | E3: 2 | F3: 20 | G3: 1154.4 | H3: CTL/PBI -> SAT/FKMAN -> CTL/PBI
A4: 1 | B4: CTL/PBI | C4: 3580 | E4: 2 | F4: 20 | G4: 1154.4 | H4: CTL/PBI -> SAT/FKMAN -> CTL/PBI
A5: 2 | B5: CTL/PBI | D5: 2884 | E5: 2 | F5: 14 | G5: 577.2 | H5: CTL/PBI -> SAT/UGR -> CTL/PBI
A6: 2 | B6: SAT/UGR | C6: 3240 | D6: 3360 | E6: 2 | F6: 14 | G6: 577.2 | H6: CTL/PBI -> SAT/UGR -> CTL/PBI
A7: 2 | B7: CTL/PBI | C7: 3716 | E7: 2 | F7: 14 | G7: 577.2 | H7: CTL/PBI -> SAT/UGR -> CTL/PBI
A8: 3 | B8: CTL/PBI | D8: 3225 | E8: 2 | F8: 20 | G8: 1080.4 | H8: CTL/PBI -> SAT/PALASHBARI -> CTL/PBI
A9: 3 | B9: SAT/PALASHBARI | C9: 3240 | D9: 3360 | E9: 2 | F9: 20 | G9: 1080.4 | H9: CTL/PBI -> SAT/PALASHBARI -> CTL/PBI
A10: 3 | B10: CTL/PBI | C10: 3375 | E10: 2 | F10: 20 | G10: 1080.4 | H10: CTL/PBI -> SAT/PALASHBARI -> CTL/PBI
A11: 4 | B11: CTL/PBI | D11: 1180 | E11: 2 | F11: 14 | G11: 547.6 | H11: CTL/PBI -> SAT/PSG -> SAT/MJI1 -> CTL/PBI
A12: 4 | B12: SAT/PSG | C12: 2558 | D12: 2678 | E12: 2 | F12: 14 | G12: 547.6 | H12: CTL/PBI -> SAT/PSG -> SAT/MJI1 -> CTL/PBI
A13: 4 | B13: SAT/MJI1 | C13: 3240 | D13: 3360 | E13: 2 | F13: 14 | G13: 547.6 | H13: CTL/PBI -> SAT/PSG -> SAT/MJI1 -> CTL/PBI
A14: 4 | B14: CTL/PBI | C14: 4344 | E14: 2 | F14: 14 | G14: 547.6 | H14: CTL/PBI -> SAT/PSG -> SAT/MJI1 -> CTL/PBI
A15: 5 | B15: CTL/PBI | D15: 1762 | E15: 2 | F15: 32 | G15: 2064.6 | H15: CTL/PBI -> SAT/FKDMC -> SAT/FKNLP -> CTL/PBI
A16: 5 | B16: SAT/FKDMC | C16: 2872 | D16: 2992 | E16: 2 | F16: 32 | G16: 2064.6 | H16: CTL/PBI -> SAT/FKDMC -> SAT/FKNLP -> CTL/PBI
A17: 5 | B17: SAT/FKNLP | C17: 3240 | D17: 3360 | E17: 2 | F17: 32 | G17: 2064.6 | H17: CTL/PBI -> SAT/FKDMC -> SAT/FKNLP -> CTL/PBI
A18: 5 | B18: CTL/PBI | C18: 4232 | E18: 2 | F18: 32 | G18: 2064.6 | H18: CTL/PBI -> SAT/FKDMC -> SAT/FKNLP -> CTL/PBI
A19: 6 | B19: CTL/PBI | D19: 2444 | E19: 2 | F19: 24 | G19: 1546.6 | H19: CTL/PBI -> SAT/FKNHL -> CTL/PBI
A20: 6 | B20: SAT/FKNHL | C20: 3240 | D20: 3360 | E20: 2 | F20: 24 | G20: 1546.6 | H20: CTL/PBI -> SAT/FKNHL -> CTL/PBI
A21: 6 | B21: CTL/PBI | C21: 4156 | E21: 2 | F21: 24 | G21: 1546.6 | H21: CTL/PBI -> SAT/FKNHL -> CTL/PBI
A22: 7 | B22: CTL/PBI | D22: 3142 | E22: 2 | F22: 24 | G22: 1487.4 | H22: CTL/PBI -> SAT/FKNGAN -> CTL/PBI
A23: 7 | B23: SAT/FKNGAN | C23: 3240 | D23: 3360 | E23: 2 | F23: 24 | G23: 1487.4 | H23: CTL/PBI -> SAT/FKNGAN -> CTL/PBI
A24: 7 | B24: CTL/PBI | C24: 3458 | E24: 2 | F24: 24 | G24: 1487.4 | H24: CTL/PBI -> SAT/FKNGAN -> CTL/PBI
A25: 8 | B25: CTL/PBI | D25: 2730 | E25: 2 | F25: 32 | G25: 1857.4 | H25: CTL/PBI -> SAT/FKTEZ -> CTL/PBI
A26: 8 | B26: SAT/FKTEZ | C26: 3240 | D26: 3360 | E26: 2 | F26: 32 | G26: 1857.4 | H26: CTL/PBI -> SAT/FKTEZ -> CTL/PBI
A27: 8 | B27: CTL/PBI | C27: 3870 | E27: 2 | F27: 32 | G27: 1857.4 | H27: CTL/PBI -> SAT/FKTEZ -> CTL/PBI
A28: 9 | B28: CTL/PBI | D28: 1826 | E28: 2 | F28: 32 | G28: 2131.2 | H28: CTL/PBI -> SAT/DIG -> SAT/FKTSK -> CTL/PBI
A29: 9 | B29: SAT/DIG | C29: 3060 | D29: 3180 | E29: 2 | F29: 32 | G29: 2131.2 | H29: CTL/PBI -> SAT/DIG -> SAT/FKTSK -> CTL/PBI
A30: 9 | B30: SAT/FKTSK | C30: 3240 | D30: 3360 | E30: 2 | F30: 32 | G30: 2131.2 | H30: CTL/PBI -> SAT/DIG -> SAT/FKTSK -> CTL/PBI
A31: 9 | B31: CTL/PBI | C31: 4632 | E31: 2 | F31: 32 | G31: 2131.2 | H31: CTL/PBI -> SAT/DIG -> SAT/FKTSK -> CTL/PBI
A32: 10 | B32: CTL/PBI | D32: 2066 | E32: 2 | F32: 20 | G32: 1080.4 | H32: CTL/PBI -> SAT/DIBRUGARH -> CTL/PBI
A33: 10 | B33: SAT/DIBRUGARH | C33: 3240 | D33: 3360 | E33: 2 | F33: 20 | G33: 1080.4 | H33: CTL/PBI -> SAT/DIBRUGARH -> CTL/PBI
A34: 10 | B34: CTL/PBI | C34: 4534 | E34: 2 | F34: 20 | G34: 1080.4 | H34: CTL/PBI -> SAT/DIBRUGARH -> CTL/PBI
A35: 11 | B35: CTL/PBI | D35: 1506 | E35: 1 | F35: 20 | G35: 1213.6 | H35: CTL/PBI -> SAT/MNT1 -> SAT/RJH2 -> SAT/FKSRN -> CTL/PBI
A36: 11 | B36: SAT/MNT1 | C36: 2598 | D36: 2718 | E36: 1 | F36: 20 | G36: 1213.6 | H36: CTL/PBI -> SAT/MNT1 -> SAT/RJH2 -> SAT/FKSRN -> CTL/PBI
A37: 11 | B37: SAT/RJH2 | C37: 2858 | D37: 2978 | E37: 1 | F37: 20 | G37: 1213.6 | H37: CTL/PBI -> SAT/MNT1 -> SAT/RJH2 -> SAT/FKSRN -> CTL/PBI
A38: 11 | B38: SAT/FKSRN | C38: 3240 | D38: 3360 | E38: 1 | F38: 20 | G38: 1213.6 | H38: CTL/PBI -> SAT/MNT1 -> SAT/RJH2 -> SAT/FKSRN -> CTL/PBI
A39: 11 | B39: CTL/PBI | C39: 4338 | E39: 1 | F39: 20 | G39: 1213.6 | H39: CTL/PBI -> SAT/MNT1 -> SAT/RJH2 -> SAT/FKSRN -> CTL/PBI
A40: 12 | B40: CTL/PBI | D40: 2432 | E40: 2 | F40: 32 | G40: 2146 | H40: CTL/PBI -> SAT/FKJOR -> CTL/PBI
A41: 12 | B41: SAT/FKJOR | C41: 3240 | D41: 3360 | E41: 2 | F41: 32 | G41: 2146 | H41: CTL/PBI -> SAT/FKJOR -> CTL/PBI
A42: 12 | B42: CTL/PBI | C42: 4168 | E42: 2 | F42: 32 | G42: 2146 | H42: CTL/PBI -> SAT/FKJOR -> CTL/PBI
A43: 13 | B43: CTL/PBI | D43: 2224 | E43: 2 | F43: 24 | G43: 1398.6 | H43: CTL/PBI -> SAT/BKK1 -> SAT/SRU -> CTL/PBI
A44: 13 | B44: SAT/BKK1 | C44: 3014 | D44: 3134 | E44: 2 | F44: 24 | G44: 1398.6 | H44: CTL/PBI -> SAT/BKK1 -> SAT/SRU -> CTL/PBI
A45: 13 | B45: SAT/SRU | C45: 3240 | D45: 3360 | E45: 2 | F45: 24 | G45: 1398.6 | H45: CTL/PBI -> SAT/BKK1 -> SAT/SRU -> CTL/PBI
A46: 13 | B46: CTL/PBI | C46: 4146 | E46: 2 | F46: 24 | G46: 1398.6 | H46: CTL/PBI -> SAT/BKK1 -> SAT/SRU -> CTL/PBI
A47: 14 | B47: CTL/PBI | D47: 3120 | E47: 2 | F47: 20 | G47: 1080.4 | H47: CTL/PBI -> SAT/Hatigaon -> CTL/PBI
A48: 14 | B48: SAT/Hatigaon | C48: 3240 | D48: 3360 | E48: 2 | F48: 20 | G48: 1080.4 | H48: CTL/PBI -> SAT/Hatigaon -> CTL/PBI
A49: 14 | B49: CTL/PBI | C49: 3480 | E49: 2 | F49: 20 | G49: 1080.4 | H49: CTL/PBI -> SAT/Hatigaon -> CTL/PBI
A50: 15 | B50: CTL/PBI | D50: 2040 | E50: 2 | F50: 7 | G50: 125.8 | H50: CTL/PBI -> SAT/MOKO -> CTL/PBI
A51: 15 | B51: SAT/MOKO | C51: 3240 | D51: 3360 | E51: 2 | F51: 7 | G51: 125.8 | H51: CTL/PBI -> SAT/MOKO -> CTL/PBI
A52: 15 | B52: CTL/PBI | C52: 4560 | E52: 2 | F52: 7 | G52: 125.8 | H52: CTL/PBI -> SAT/MOKO -> CTL/PBI
A53: 16 | B53: CTL/PBI | D53: 3135 | E53: 2 | F53: 20 | G53: 1080.4 | H53: CTL/PBI -> SAT/GUW2 -> CTL/PBI
A54: 16 | B54: SAT/GUW2 | C54: 3240 | D54: 3360 | E54: 2 | F54: 20 | G54: 1080.4 | H54: CTL/PBI -> SAT/GUW2 -> CTL/PBI
A55: 16 | B55: CTL/PBI | C55: 3465 | E55: 2 | F55: 20 | G55: 1080.4 | H55: CTL/PBI -> SAT/GUW2 -> CTL/PBI
A56: 17 | B56: CTL/PBI | D56: 3150 | E56: 2 | F56: 20 | G56: 1080.4 | H56: CTL/PBI -> SAT/GUW -> CTL/PBI
A57: 17 | B57: SAT/GUW | C57: 3240 | D57: 3360 | E57: 2 | F57: 20 | G57: 1080.4 | H57: CTL/PBI -> SAT/GUW -> CTL/PBI
A58: 17 | B58: CTL/PBI | C58: 3450 | E58: 2 | F58: 20 | G58: 1080.4 | H58: CTL/PBI -> SAT/GUW -> CTL/PBI
A59: 18 | B59: CTL/PBI | D59: 2174 | E59: 2 | F59: 32 | G59: 1598.4 | H59: CTL/PBI -> SAT/DMP -> SAT/KMA -> CTL/PBI
A60: 18 | B60: SAT/DMP | C60: 2850 | D60: 2970 | E60: 2 | F60: 32 | G60: 1598.4 | H60: CTL/PBI -> SAT/DMP -> SAT/KMA -> CTL/PBI
A61: 18 | B61: SAT/KMA | C61: 3240 | D61: 3360 | E61: 2 | F61: 32 | G61: 1598.4 | H61: CTL/PBI -> SAT/DMP -> SAT/KMA -> CTL/PBI
A62: 18 | B62: CTL/PBI | C62: 4288 | E62: 2 | F62: 32 | G62: 1598.4 | H62: CTL/PBI -> SAT/DMP -> SAT/KMA -> CTL/PBI
A63: 19 | B63: CTL/PBI | D63: 2442 | E63: 2 | F63: 24 | G63: 1480 | H63: CTL/PBI -> SAT/FKHJI -> SAT/DPU -> CTL/PBI
A64: 19 | B64: SAT/FKHJI | C64: 2910 | D64: 3030 | E64: 2 | F64: 24 | G64: 1480 | H64: CTL/PBI -> SAT/FKHJI -> SAT/DPU -> CTL/PBI
A65: 19 | B65: SAT/DPU | C65: 3240 | D65: 3360 | E65: 2 | F65: 24 | G65: 1480 | H65: CTL/PBI -> SAT/FKHJI -> SAT/DPU -> CTL/PBI
A66: 19 | B66: CTL/PBI | C66: 4014 | E66: 2 | F66: 24 | G66: 1480 | H66: CTL/PBI -> SAT/FKHJI -> SAT/DPU -> CTL/PBI
A67: 20 | B67: CTL/PBI | D67: 3074 | E67: 2 | F67: 17 | G67: 777 | H67: CTL/PBI -> SAT/MGN -> CTL/PBI
A68: 20 | B68: SAT/MGN | C68: 3240 | D68: 3360 | E68: 2 | F68: 17 | G68: 777 | H68: CTL/PBI -> SAT/MGN -> CTL/PBI
A69: 20 | B69: CTL/PBI | C69: 3526 | E69: 2 | F69: 17 | G69: 777 | H69: CTL/PBI -> SAT/MGN -> CTL/PBI
A70: 21 | B70: CTL/PBI | D70: 2406 | E70: 2 | F70: 10 | G70: 260 | H70: CTL/PBI -> SAT/HLF -> CTL/PBI
A71: 21 | B71: SAT/HLF | C71: 3240 | D71: 3360 | E71: 2 | F71: 10 | G71: 260 | H71: CTL/PBI -> SAT/HLF -> CTL/PBI
A72: 21 | B72: CTL/PBI | C72: 4194 | E72: 2 | F72: 10 | G72: 260 | H72: CTL/PBI -> SAT/HLF -> CTL/PBI
A73: 22 | B73: CTL/PBI | D73: 1770 | E73: 2 | F73: 20 | G73: 969.4 | H73: CTL/PBI -> SAT/IMPAL -> CTL/PBI
A74: 22 | B74: SAT/IMPAL | C74: 3240 | D74: 3360 | E74: 2 | F74: 20 | G74: 969.4 | H74: CTL/PBI -> SAT/IMPAL -> CTL/PBI
A75: 22 | B75: CTL/PBI | C75: 4830 | E75: 2 | F75: 20 | G75: 969.4 | H75: CTL/PBI -> SAT/IMPAL -> CTL/PBI
A76: 23 | B76: CTL/PBI | D76: 2748 | E76: 2 | F76: 14 | G76: 488 | H76: CTL/PBI -> SAT/JNH -> CTL/PBI
A77: 23 | B77: SAT/JNH | C77: 3240 | D77: 3360 | E77: 2 | F77: 14 | G77: 488 | H77: CTL/PBI -> SAT/JNH -> CTL/PBI
A78: 23 | B78: CTL/PBI | C78: 3852 | E78: 2 | F78: 14 | G78: 488 | H78: CTL/PBI -> SAT/JNH -> CTL/PBI
A79: 24 | B79: CTL/PBI | D79: 1860 | E79: 1 | F79: 20 | G79: 1118 | H79: CTL/PBI -> SAT/FKSIL -> SAT/HKD -> CTL/PBI
A80: 24 | B80: SAT/FKSIL | C80: 2988 | D80: 3108 | E80: 1 | F80: 20 | G80: 1118 | H80: CTL/PBI -> SAT/FKSIL -> SAT/HKD -> CTL/PBI
A81: 24 | B81: SAT/HKD | C81: 3240 | D81: 3360 | E81: 1 | F81: 20 | G81: 1118 | H81: CTL/PBI -> SAT/FKSIL -> SAT/HKD -> CTL/PBI
A82: 24 | B82: CTL/PBI | C82: 4462 | E82: 1 | F82: 20 | G82: 1118 | H82: CTL/PBI -> SAT/FKSIL -> SAT/HKD -> CTL/PBI
A83: 25 | B83: CTL/PBI | D83: 1964 | E83: 2 | F83: 24 | G83: 1466 | H83: CTL/PBI -> SAT/BDPR1 -> SAT/FKKXJ -> CTL/PBI
A84: 25 | B84: SAT/BDPR1 | C84: 3014 | D84: 3134 | E84: 2 | F84: 24 | G84: 1466 | H84: CTL/PBI -> SAT/BDPR1 -> SAT/FKKXJ -> CTL/PBI
A85: 25 | B85: SAT/FKKXJ | C85: 3240 | D85: 3360 | E85: 2 | F85: 24 | G85: 1466 | H85: CTL/PBI -> SAT/BDPR1 -> SAT/FKKXJ -> CTL/PBI
A86: 25 | B86: CTL/PBI | C86: 4488 | E86: 2 | F86: 24 | G86: 1466 | H86: CTL/PBI -> SAT/BDPR1 -> SAT/FKKXJ -> CTL/PBI
A87: 26 | B87: CTL/PBI | D87: 2886 | E87: 2 | F87: 32 | G87: 1672 | H87: CTL/PBI -> SAT/FKSHL -> CTL/PBI
A88: 26 | B88: SAT/FKSHL | C88: 3240 | D88: 3360 | E88: 2 | F88: 32 | G88: 1672 | H88: CTL/PBI -> SAT/FKSHL -> CTL/PBI
A89: 26 | B89: CTL/PBI | C89: 3714 | E89: 2 | F89: 32 | G89: 1672 | H89: CTL/PBI -> SAT/FKSHL -> CTL/PBI
A90: 27 | B90: CTL/PBI | D90: 1438 | E90: 2 | F90: 20 | G90: 1132 | H90: CTL/PBI -> SAT/AJL -> CTL/PBI
A91: 27 | B91: SAT/AJL | C91: 3240 | D91: 3360 | E91: 2 | F91: 20 | G91: 1132 | H91: CTL/PBI -> SAT/AJL -> CTL/PBI
A92: 27 | B92: CTL/PBI | C92: 5162 | E92: 2 | F92: 20 | G92: 1132 | H92: CTL/PBI -> SAT/AJL -> CTL/PBI
A93: 28 | B93: CTL/PBI | D93: 1140 | E93: 2 | F93: 20 | G93: 1222 | H93: CTL/PBI -> SAT/UDAIPUR -> SAT/TLM -> CTL/PBI
A94: 28 | B94: SAT/UDAIPUR | C94: 2910 | D94: 3030 | E94: 2 | F94: 20 | G94: 1222 | H94: CTL/PBI -> SAT/UDAIPUR -> SAT/TLM -> CTL/PBI
A95: 28 | B95: SAT/TLM | C95: 3240 | D95: 3360 | E95: 2 | F95: 20 | G95: 1222 | H95: CTL/PBI -> SAT/UDAIPUR -> SAT/TLM -> CTL/PBI
A96: 28 | B96: CTL/PBI | C96: 5082 | E96: 2 | F96: 20 | G96: 1222 | H96: CTL/PBI -> SAT/UDAIPUR -> SAT/TLM -> CTL/PBI
A97: 29 | B97: CTL/PBI | D97: 1912 | E97: 2 | F97: 22 | G97: 1266 | H97: CTL/PBI -> SAT/FKPSG -> CTL/PBI
A98: 29 | B98: SAT/FKPSG | C98: 3240 | D98: 3360 | E98: 2 | F98: 22 | G98: 1266 | H98: CTL/PBI -> SAT/FKPSG -> CTL/PBI
A99: 29 | B99: CTL/PBI | C99: 4688 | E99: 2 | F99: 22 | G99: 1266 | H99: CTL/PBI -> SAT/FKPSG -> CTL/PBI
A100: 30 | B100: CTL/PBI | D100: 1444 | E100: 1 | F100: 32 | G100: 1554 | H100: CTL/PBI -> SAT/FKIXA -> CTL/PBI
...

Sheet Sheet20
A1: 1 | B1: SATELLITEHUB_FKSIL | C1: SAT/FKSIL | D1: 24.8317 | E1: 92.7746 | G1: =VLOOKUP(C1,Location_file!A:A,1,0) -> SAT/FKSIL
A2: 1 | B2: SATELLITEHUB_HKD | C2: SAT/HKD | D2: 24.7184 | E2: 92.5736 | G2: =VLOOKUP(C2,Location_file!A:A,1,0) -> SAT/HKD
A3: 2 | B3: SATELLITEHUB_FKKXJ | C3: SAT/FKKXJ | D3: 0 | E3: 0 | G3: =VLOOKUP(C3,Location_file!A:A,1,0) -> SAT/FKKXJ
A4: 2 | B4: SATELLITEHUB_BDPR1 | C4: SAT/BDPR1 | D4: 0 | E4: 0 | G4: =VLOOKUP(C4,Location_file!A:A,1,0) -> SAT/BDPR1
A5: 3 | B5: SATELLITEHUB_FKSRN | C5: SAT/FKSRN | D5: 27.0219 | E5: 94.667 | G5: =VLOOKUP(C5,Location_file!A:A,1,0) -> SAT/FKSRN
A6: 3 | B6: SATELLITEHUB_MNT1 | C6: SAT/MNT1 | D6: 0 | E6: 0 | G6: =VLOOKUP(C6,Location_file!A:A,1,0) -> SAT/MNT1
A7: 3 | B7: SATELLITEHUB_RJH2 | C7: SAT/RJH2 | D7: 0 | E7: 0 | G7: =VLOOKUP(C7,Location_file!A:A,1,0) -> SAT/RJH2
A8: 4 | B8: SATELLITEHUB_BKK1 | C8: SAT/BKK1 | D8: 26.4862 | E8: 93.9782 | G8: =VLOOKUP(C8,Location_file!A:A,1,0) -> SAT/BKK1
A9: 4 | B9: SATELLITEHUB_SRU | C9: SAT/SRU | D9: 26.2833 | E9: 93.8843 | G9: =VLOOKUP(C9,Location_file!A:A,1,0) -> SAT/SRU
A10: 5 | B10: SATELLITEHUB_IMPAL | C10: SAT/IMPAL | D10: 24.747 | E10: 93.9337 | G10: =VLOOKUP(C10,Location_file!A:A,1,0) -> SAT/IMPAL
A11: 6 | B11: Satellitehub_FKNHL | C11: SAT/FKNHL | D11: 0 | E11: 0 | G11: =VLOOKUP(C11,Location_file!A:A,1,0) -> SAT/FKNHL
A12: 7 | B12: SATELLITEHUB_FKNLP | C12: SAT/FKNLP | D12: 27.2211 | E12: 94.0786 | G12: =VLOOKUP(C12,Location_file!A:A,1,0) -> SAT/FKNLP
... A52: 36 | B52: Satellitehub_PalashBari | C52: SAT/PALASHBARI | D52: 26.11 | E52: 91.53 | G52: =VLOOKUP(C52,Location_file!A:A,1,0) -> SAT/PALASHBARI

Sheet Final_Assignment
A1: route_sequence | B1: hubs | C1: dist | D1: group | E1: monthly_cost | F1: Freq | G1: total_demand | H1: assigned_vehicle_length | I1: Route_ID | J1: arrival_times | K1: departure_times | L1: updated_depot_departure | P1: 17 | Q1: 21
A2: CTL/PBI -> SAT/FKSIL -> SAT/HKD -> CTL/PBI | B2: ['SAT/FKSIL', 'SAT/HKD'] | C2: 699.1 | D2: 1.0-0 | E2: 629190 | F2: 1 | G2: 1118 | H2: 20 | I2: 24 | J2: 2988.0:3240.0:4462.0 | K2: 3108.0:3360.0 | L2: 1860 | M2: =IFERROR(__xludf.DUMMYFUNCTION("SPLIT(D2,""."",,)"),1.0) -> 1 | N2: =IFERROR(__xludf.DUMMYFUNCTION("""COMPUTED_VALUE"""),"0-0") -> 0-0 | P2: 20 | Q2: 23.72
A3: CTL/PBI -> SAT/BDPR1 -> SAT/FKKXJ -> CTL/PBI | B3: ['SAT/BDPR1', 'SAT/FKKXJ'] | C3: 681.7 | D3: 2.0-0 | E3: 393681.75 | F3: 2 | G3: 1466 | H3: 24 | I3: 25 | J3: 3014.0:3240.0:4488.0 | K3: 3134.0:3360.0 | L3: 1964 | M3: =IFERROR(__xludf.DUMMYFUNCTION("SPLIT(D3,""."",,)"),2.0) -> 2 | N3: =IFERROR(__xludf.DUMMYFUNCTION("""COMPUTED_VALUE"""),"0-0") -> 0-0 | P3: 22 | Q3: 24.4
A4: CTL/PBI -> SAT/MNT1 -> SAT/RJH2 -> SAT/FKSRN -> CTL/PBI | B4: ['SAT/MNT1', 'SAT/RJH2', 'SAT/FKSRN'] | C4: 958.6 | D4: 3.0-0 | E4: 862740 | F4: 1 | G4: 1213.6 | H4: 20 | I4: 11 | J4: 2598.0:2858.0:3240.0:4338.0 | K4: 2718.0:2978.0:3360.0 | L4: 1506 | M4: =IFERROR(__xludf.DUMMYFUNCTION("SPLIT(D4,""."",,)"),3.0) -> 3 | N4: =IFERROR(__xludf.DUMMYFUNCTION("""COMPUTED_VALUE"""),"0-0") -> 0-0 | P4: 24 | Q4: 25.23
A5: CTL/PBI -> SAT/BKK1 -> SAT/SRU -> CTL/PBI | B5: ['SAT/BKK1', 'SAT/SRU'] | C5: 666.3 | D5: 4.0-0 | E5: 384788.25 | F5: 2 | G5: 1398.6 | H5: 24 | I5: 13 | J5: 3014.0:3240.0:4146.0 | K5: 3134.0:3360.0 | L5: 2224 | M5: =IFERROR(__xludf.DUMMYFUNCTION("SPLIT(D5,""."",,)"),4.0) -> 4 | N5: =IFERROR(__xludf.DUMMYFUNCTION("""COMPUTED_VALUE"""),"0-0") -> 0-0 | P5: 14 | Q5: 19
A6: CTL/PBI -> SAT/IMPAL -> CTL/PBI | B6: ['SAT/IMPAL'] | C6: 1012 | D6: 5.0-0 | E6: 500940 | F6: 2 | G6: 969.4 | H6: 20 | I6: 22 | J6: 3240.0:4830.0 | K6: 3360 | L6: 1770 | M6: =IFERROR(__xludf.DUMMYFUNCTION("SPLIT(D6,""."",,)"),5.0) -> 5 | N6: =IFERROR(__xludf.DUMMYFUNCTION("""COMPUTED_VALUE"""),"0-0") -> 0-0
A7: CTL/PBI -> SAT/FKNHL -> CTL/PBI | B7: ['SAT/FKNHL'] | C7: 700 | D7: 6.0-0 | E7: 404250 | F7: 2 | G7: 1546.6 | H7: 24 | I7: 6 | J7: 3240.0:4156.0 | K7: 3360 | L7: 2444 | M7: =IFERROR(__xludf.DUMMYFUNCTION("SPLIT(D7,""."",,)"),6.0) -> 6 | N7: =IFERROR(__xludf.DUMMYFUNCTION("""COMPUTED_VALUE"""),"0-0") -> 0-0
A8: CTL/PBI -> SAT/FKDMC -> SAT/FKNLP -> CTL/PBI | B8: ['SAT/FKDMC', 'SAT/FKNLP'] | C8: 925.7 | D8: 7.0-0 | E8: 763702.5 | F8: 2 | G8: 2064.6 | H8: 32 | I8: 5 | J8: 2872.0:3240.0:4232.0 | K8: 2992.0:3360.0 | L8: 1762 | M8: =IFERROR(__xludf.DUMMYFUNCTION("SPLIT(D8,""."",,)"),7.0) -> 7 | N8: =IFERROR(__xludf.DUMMYFUNCTION("""COMPUTED_VALUE"""),"0-0") -> 0-0
A9: CTL/PBI -> SAT/HLF -> CTL/PBI | B9: ['SAT/HLF'] | C9: 672 | D9: 8.0-0 | E9: 277200 | F9: 2 | G9: 260 | H9: 10 | I9: 21 | J9: 3240.0:4194.0 | K9: 3360 | L9: 2406 | M9: =IFERROR(__xludf.DUMMYFUNCTION("SPLIT(D9,""."",,)"),8.0) -> 8 | N9: =IFERROR(__xludf.DUMMYFUNCTION("""COMPUTED_VALUE"""),"0-0") -> 0-0
A10: CTL/PBI -> SAT/FKSHL -> CTL/PBI | B10: ['SAT/FKSHL'] | C10: 242 | D10: 9.0-0 | E10: 199650 | F10: 2 | G10: 1672 | H10: 32 | I10: 26 | J10: 3240.0:3714.0 | K10: 3360 | L10: 2886 | M10: =IFERROR(__xludf.DUMMYFUNCTION("SPLIT(D10,""."",,)"),9.0) -> 9 | N10: =IFERROR(__xludf.DUMMYFUNCTION("""COMPUTED_VALUE"""),"0-0") -> 0-0
A11: CTL/PBI -> SAT/FKCOB -> SAT/COB1 -> CTL/PBI | B11: ['SAT/FKCOB', 'SAT/COB1'] | C11: 671.2 | D11: 10.0-0 | E11: 704760 | F11: 1 | G11: 1345 | H11: 24 | I11: 35 | J11: 3106.0:3240.0:4234.0 | K11: 3226.0:3360.0 | L11: 2240 | M11: =IFERROR(__xludf.DUMMYFUNCTION("SPLIT(D11,""."",,)"),10.0) -> 10 | N11: =IFERROR(__xludf.DUMMYFUNCTION("""COMPUTED_VALUE"""),"0-0") -> 0-0
A12: CTL/PBI -> SAT/DMP -> SAT/KMA -> CTL/PBI | B12: ['SAT/DMP', 'SAT/KMA'] | C12: 724.4 | D12: 15.0-0 | E12: 597630 | F12: 2 | G12: 1598.4 | H12: 32 | I12: 18 | J12: 2850.0:3240.0:4288.0 | K12: 2970.0:3360.0 | L12: 2174 | M12: =IFERROR(__xludf.DUMMYFUNCTION("SPLIT(D12,""."",,)"),15.0) -> 15 | N12: =IFERROR(__xludf.DUMMYFUNCTION("""COMPUTED_VALUE"""),"0-0") -> 0-0
A13: CTL/PBI -> SAT/FKHJI -> SAT/DPU -> CTL/PBI | B13: ['SAT/FKHJI', 'SAT/DPU'] | C13: 542.5 | D13: 16.0-0 | E13: 313293.75 | F13: 2 | G13: 1480 | H13: 24 | I13: 19 | J13: 2910.0:3240.0:4014.0 | K13: 3030.0:3360.0 | L13: 2442 | M13: =IFERROR(__xludf.DUMMYFUNCTION("SPLIT(D13,""."",,)"),16.0) -> 16 | N13: =IFERROR(__xludf.DUMMYFUNCTION("""COMPUTED_VALUE"""),"0-0") -> 0-0
A14: CTL/PBI -> SAT/DBI1 -> SAT/HBL1 -> CTL/PBI | B14: ['SAT/DBI1', 'SAT/HBL1'] | C14: 524.7 | D14: 17.0-0 | E14: 303014.25 | F14: 2 | G14: 1458 | H14: 24 | I14: 34 | J14: 2920.0:3240.0:3940.0 | K14: 3040.0:3360.0 | L14: 2186 | M14: =IFERROR(__xludf.DUMMYFUNCTION("SPLIT(D14,""."",,)"),17.0) -> 17 | N14: =IFERROR(__xludf.DUMMYFUNCTION("""COMPUTED_VALUE"""),"0-0") -> 0-0
A15: CTL/PBI -> SAT/BOKO -> CTL/PBI | B15: ['SAT/BOKO'] | C15: 69 | D15: 18.0-0 | E15: 34155 | F15: 2 | G15: 718 | H15: 17 | I15: 31 | J15: 3240.0:3502.0 | K15: 3360 | L15: 3098 | M15: =IFERROR(__xludf.DUMMYFUNCTION("SPLIT(D15,""."",,)"),18.0) -> 18 | N15: =IFERROR(__xludf.DUMMYFUNCTION("""COMPUTED_VALUE"""),"0-0") -> 0-0
A16: CTL/PBI -> SAT/BOKO -> SAT/FKGLPT -> CTL/PBI | B16: ['SAT/FKGLPT'] | C16: 232 | D16: 18.0-0 | E16: 114840 | F16: 2 | G16: 902 | H16: 20 | I16: 32 | J16: 3240.0:3782.0 | K16: 3360 | L16: 2818 | M16: =IFERROR(__xludf.DUMMYFUNCTION("SPLIT(D16,""."",,)"),18.0) -> 18 | N16: =IFERROR(__xludf.DUMMYFUNCTION("""COMPUTED_VALUE"""),"0-0") -> 0-0
A17: CTL/PBI -> SAT/NLV1 -> SAT/FKNLV -> CTL/PBI | B17: ['SAT/NLV1', 'SAT/FKNLV'] | C17: 202 | D17: 19.0-0 | E17: 166650 | F17: 2 | G17: 2050.2 | H17: 32 | I17: 38 | J17: 3118.0:3240.0:3634.0 | K17: 3238.0:3360.0 | L17: 2844 | M17: =IFERROR(__xludf.DUMMYFUNCTION("SPLIT(D17,""."",,)"),19.0) -> 19 | N17: =IFERROR(__xludf.DUMMYFUNCTION("""COMPUTED_VALUE"""),"0-0") -> 0-0
A18: CTL/PBI -> SAT/FKMAN -> SAT/UGR -> CTL/PBI | B18: ['SAT/FKMAN'] | C18: 141.8 | D18: 20.0-0 | E18: 70191 | F18: 2 | G18: 1154.4 | H18: 20 | I18: 1 | J18: 3240.0:3580.0 | K18: 3360 | L18: 3020 | M18: =IFERROR(__xludf.DUMMYFUNCTION("SPLIT(D18,""."",,)"),20.0) -> 20 | N18: =IFERROR(__xludf.DUMMYFUNCTION("""COMPUTED_VALUE"""),"0-0") -> 0-0
A19: CTL/PBI -> SAT/FKMAN -> SAT/UGR -> CTL/PBI | B19: ['SAT/UGR'] | C19: 222 | D19: 20.0-0 | E19: 91575 | F19: 2 | G19: 577.2 | H19: 14 | I19: 2 | J19: 3240.0:3716.0 | K19: 3360 | L19: 2884 | M19: =IFERROR(__xludf.DUMMYFUNCTION("SPLIT(D19,""."",,)"),20.0) -> 20 | N19: =IFERROR(__xludf.DUMMYFUNCTION("""COMPUTED_VALUE"""),"0-0") -> 0-0
A20: CTL/PBI -> SAT/AJL -> CTL/PBI | B20: ['SAT/AJL'] | C20: 1042 | D20: 21.0-0 | E20: 515790 | F20: 2 | G20: 1132 | H20: 20 | I20: 27 | J20: 3240.0:5162.0 | K20: 3360 | L20: 1438 | M20: =IFERROR(__xludf.DUMMYFUNCTION("SPLIT(D20,""."",,)"),21.0) -> 21 | N20: =IFERROR(__xludf.DUMMYFUNCTION("""COMPUTED_VALUE"""),"0-0") -> 0-0
A21: CTL/PBI -> SAT/FKIXA -> CTL/PBI | B21: ['SAT/FKIXA'] | C21: 1120 | D21: 22.0-0 | E21: 1680000 | F21: 1 | G21: 1554 | H21: 32 | I21: 30 | J21: 3240.0:5156.0 | K21: 3360 | L21: 1444 | M21: =IFERROR(__xludf.DUMMYFUNCTION("SPLIT(D21,""."",,)"),22.0) -> 22 | N21: =IFERROR(__xludf.DUMMYFUNCTION("""COMPUTED_VALUE"""),"0-0") -> 0-0
A22: CTL/PBI -> SAT/FKJOR -> CTL/PBI | B22: ['SAT/FKJOR'] | C22: 666 | D22: 23.0-0 | E22: 549450 | F22: 2 | G22: 2146 | H22: 32 | I22: 12 | J22: 3240.0:4168.0 | K22: 3360 | L22: 2432 | M22: =IFERROR(__xludf.DUMMYFUNCTION("SPLIT(D22,""."",,)"),23.0) -> 23 | N22: =IFERROR(__xludf.DUMMYFUNCTION("""COMPUTED_VALUE"""),"0-0") -> 0-0
A23: CTL/PBI -> SAT/PSG -> SAT/MJI1 -> CTL/PBI | B23: ['SAT/PSG', 'SAT/MJI1'] | C23: 1154 | D23: 24.0-0 | E23: 476025 | F23: 2 | G23: 547.6 | H23: 14 | I23: 4 | J23: 2558.0:3240.0:4344.0 | K23: 2678.0:3360.0 | L23: 1180 | M23: =IFERROR(__xludf.DUMMYFUNCTION("SPLIT(D23,""."",,)"),24.0) -> 24 | N23: =IFERROR(__xludf.DUMMYFUNCTION("""COMPUTED_VALUE"""),"0-0") -> 0-0
A24: CTL/PBI -> SAT/FKPSG -> SAT/UDAIPUR -> SAT/TLM -> CTL/PBI | B24: ['SAT/UDAIPUR', 'SAT/TLM'] | C24: 1181.1 | D24: 25.0-0 | E24: 584644.5 | F24: 2 | G24: 1222 | H24: 20 | I24: 28 | J24: 2910.0:3240.0:5082.0 | K24: 3030.0:3360.0 | L24: 1140 | M24: =IFERROR(__xludf.DUMMYFUNCTION("SPLIT(D24,""."",,)"),25.0) -> 25 | N24: =IFERROR(__xludf.DUMMYFUNCTION("""COMPUTED_VALUE"""),"0-0") -> 0-0
A25: CTL/PBI -> SAT/FKPSG -> CTL/PBI | B25: ['SAT/FKPSG'] | C25: 810 | D25: 25.0-0 | E25: 467775 | F25: 2 | G25: 1266 | H25: 22 | I25: 29 | J25: 3240.0:4688.0 | K25: 3360 | L25: 1912 | M25: =IFERROR(__xludf.DUMMYFUNCTION("SPLIT(D25,""."",,)"),25.0) -> 25 | N25: =IFERROR(__xludf.DUMMYFUNCTION("""COMPUTED_VALUE"""),"0-0") -> 0-0
A26: CTL/PBI -> SAT/DIBRUGARH -> SAT/DIG -> SAT/FKTSK -> CTL/PBI | B26: ['SAT/DIG', 'SAT/FKTSK'] | C26: 1043 | D26: 26.0-0 | E26: 860475 | F26: 2 | G26: 2131.2 | H26: 32 | I26: 9 | J26: 3060.0:3240.0:4632.0 | K26: 3180.0:3360.0 | L26: 1826 | M26: =IFERROR(__xludf.DUMMYFUNCTION("SPLIT(D26,""."",,)"),26.0) -> 26 | N26: =IFERROR(__xludf.DUMMYFUNCTION("""COMPUTED_VALUE"""),"0-0") -> 0-0
A27: CTL/PBI -> SAT/DIBRUGARH -> CTL/PBI | B27: ['SAT/DIBRUGARH'] | C27: 940 | D27: 26.0-0 | E27: 465300 | F27: 2 | G27: 1080.4 | H27: 20 | I27: 10 | J27: 3240.0:4534.0 | K27: 3360 | L27: 2066 | M27: =IFERROR(__xludf.DUMMYFUNCTION("SPLIT(D27,""."",,)"),26.0) -> 26 | N27: =IFERROR(__xludf.DUMMYFUNCTION("""COMPUTED_VALUE"""),"0-0") -> 0-0
A28: CTL/PBI -> SAT/JNH -> CTL/PBI | B28: ['SAT/JNH'] | C28: 364 | D28: 27.0-0 | E28: 150150 | F28: 2 | G28: 488 | H28: 14 | I28: 23 | J28: 3240.0:3852.0 | K28: 3360 | L28: 2748 | M28: =IFERROR(__xludf.DUMMYFUNCTION("SPLIT(D28,""."",,)"),27.0) -> 27 | N28: =IFERROR(__xludf.DUMMYFUNCTION("""COMPUTED_VALUE"""),"0-0") -> 0-0
A29: CTL/PBI -> SAT/MGN -> CTL/PBI | B29: ['SAT/MGN'] | C29: 100.6 | D29: 28.0-0 | E29: 49797 | F29: 2 | G29: 777 | H29: 17 | I29: 20 | J29: 3240.0:3526.0 | K29: 3360 | L29: 3074 | M29: =IFERROR(__xludf.DUMMYFUNCTION("SPLIT(D29,""."",,)"),28.0) -> 28 | N29: =IFERROR(__xludf.DUMMYFUNCTION("""COMPUTED_VALUE"""),"0-0") -> 0-0
A30: CTL/PBI -> SAT/FKNGAN -> SAT/FKTEZ -> CTL/PBI | B30: ['SAT/FKNGAN'] | C30: 51.8 | D30: 29.0-0 | E30: 29914.5 | F30: 2 | G30: 1487.4 | H30: 24 | I30: 7 | J30: 3240.0:3458.0 | K30: 3360 | L30: 3142 | M30: =IFERROR(__xludf.DUMMYFUNCTION("SPLIT(D30,""."",,)"),29.0) -> 29 | N30: =IFERROR(__xludf.DUMMYFUNCTION("""COMPUTED_VALUE"""),"0-0") -> 0-0
A31: CTL/PBI -> SAT/FKTEZ -> CTL/PBI | B31: ['SAT/FKTEZ'] | C31: 432 | D31: 29.0-0 | E31: 356400 | F31: 2 | G31: 1857.4 | H31: 32 | I31: 8 | J31: 3240.0:3870.0 | K31: 3360 | L31: 2730 | M31: =IFERROR(__xludf.DUMMYFUNCTION("SPLIT(D31,""."",,)"),29.0) -> 29 | N31: =IFERROR(__xludf.DUMMYFUNCTION("""COMPUTED_VALUE"""),"0-0") -> 0-0
A32: CTL/PBI -> SAT/FKBPRD -> SAT/FKBON -> CTL/PBI | B32: ['SAT/FKBON'] | C32: 386 | D32: 30.0-0 | E32: 191070 | F32: 2 | G32: 1148 | H32: 20 | I32: 36 | J32: 3240.0:3866.0 | K32: 3360 | L32: 2734 | M32: =IFERROR(__xludf.DUMMYFUNCTION("SPLIT(D32,""."",,)"),30.0) -> 30 | N32: =IFERROR(__xludf.DUMMYFUNCTION("""COMPUTED_VALUE"""),"0-0") -> 0-0
A33: CTL/PBI -> SAT/FKBPRD -> CTL/PBI | B33: ['SAT/FKBPRD'] | C33: 212 | D33: 30.0-0 | E33: 104940 | F33: 2 | G33: 896 | H33: 20 | I33: 37 | J33: 3240.0:3726.0 | K33: 3360 | L33: 2874 | M33: =IFERROR(__xludf.DUMMYFUNCTION("SPLIT(D33,""."",,)"),30.0) -> 30 | N33: =IFERROR(__xludf.DUMMYFUNCTION("""COMPUTED_VALUE"""),"0-0") -> 0-0
A34: CTL/PBI -> SAT/HSG -> CTL/PBI | B34: ['SAT/HSG'] | C34: 420 | D34: 31.0-0 | E34: 173250 | F34: 2 | G34: 408 | H34: 14 | I34: 33 | J34: 3240.0:4100.0 | K34: 3360 | L34: 2500 | M34: =IFERROR(__xludf.DUMMYFUNCTION("SPLIT(D34,""."",,)"),31.0) -> 31 | N34: =IFERROR(__xludf.DUMMYFUNCTION("""COMPUTED_VALUE"""),"0-0") -> 0-0
A35: CTL/PBI -> SAT/MOKO -> CTL/PBI | B35: ['SAT/MOKO'] | C35: 924 | D35: 32.0-0 | E35: 304920 | F35: 2 | G35: 125.8 | H35: 7 | I35: 15 | J35: 3240.0:4560.0 | K35: 3360 | L35: 2040 | M35: =IFERROR(__xludf.DUMMYFUNCTION("SPLIT(D35,""."",,)"),32.0) -> 32 | N35: =IFERROR(__xludf.DUMMYFUNCTION("""COMPUTED_VALUE"""),"0-0") -> 0-0
A36: CTL/PBI -> SAT/GUW -> CTL/PBI | B36: ['SAT/GUW'] | C36: 46.3 | D36: 33.0-0 | E36: 22918.5 | F36: 2 | G36: 1080.4 | H36: 20 | I36: 17 | J36: 3240.0:3450.0 | K36: 3360 | L36: 3150 | M36: =IFERROR(__xludf.DUMMYFUNCTION("SPLIT(D36,""."",,)"),33.0) -> 33 | N36: =IFERROR(__xludf.DUMMYFUNCTION("""COMPUTED_VALUE"""),"0-0") -> 0-0
A37: CTL/PBI -> SAT/Hatigaon -> CTL/PBI | B37: ['SAT/Hatigaon'] | C37: 79.6 | D37: 34.0-0 | E37: 39402 | F37: 2 | G37: 1080.4 | H37: 20 | I37: 14 | J37: 3240.0:3480.0 | K37: 3360 | L37: 3120 | M37: =IFERROR(__xludf.DUMMYFUNCTION("SPLIT(D37,""."",,)"),34.0) -> 34 | N37: =IFERROR(__xludf.DUMMYFUNCTION("""COMPUTED_VALUE"""),"0-0") -> 0-0
A38: CTL/PBI -> SAT/GUW2 -> CTL/PBI | B38: ['SAT/GUW2'] | C38: 74 | D38: 35.0-0 | E38: 36630 | F38: 2 | G38: 1080.4 | H38: 20 | I38: 16 | J38: 3240.0:3465.0 | K38: 3360 | L38: 3135 | M38: =IFERROR(__xludf.DUMMYFUNCTION("SPLIT(D38,""."",,)"),35.0) -> 35 | N38: =IFERROR(__xludf.DUMMYFUNCTION("""COMPUTED_VALUE"""),"0-0") -> 0-0
A39: CTL/PBI -> SAT/PALASHBARI -> CTL/PBI | B39: ['SAT/PALASHBARI'] | C39: 4 | D39: 36.0-0 | E39: 1980 | F39: 2 | G39: 1080.4 | H39: 20 | I39: 3 | J39: 3240.0:3375.0 | K39: 3360 | L39: 3225 | M39: =IFERROR(__xludf.DUMMYFUNCTION("SPLIT(D39,""."",,)"),36.0) -> 36 | N39: =IFERROR(__xludf.DUMMYFUNCTION("""COMPUTED_VALUE"""),"0-0") -> 0-0

Sheet Test
A1: destination | B1: city
A2: SATELLITEHUB_FKIXA | B2: Agartala | C2: 2
A3: SATELLITEHUB_GUW | B3: Guwahati
A4: Satellitehub_Hatigaon | B4: Guwahati
A5: SATELLITEHUB_FKJOR | B5: Jorhat
A6: SATELLITEHUB_FKTEZ | B6: Tezpur
A7: SATELLITEHUB_FKSIL | B7: Silchar | C7: 2
A8: SatelliteHub_FKSHL | B8: Shillong | C8: 2
A9: Satellitehub_FKNHL | B9: Naharlagun
A10: SATELLITEHUB_GUW2 | B10: Guwahati
A11: CENTRALHUB_LM_IXA3X | B11: MH-MH
A12: SATELLITEHUB_FKNGAN | B12: Nagaon
A13: SATELLITEHUB_COB1 | B13: Cooch Behar | C13: 1
A14: SATELLITEHUB_FKTSK | B14: Tinsukia
A15: SATELLITEHUB_DMP | B15: Dimapur
A16: SATELLITEHUB_FKSRN | B16: Sibsagar
A17: SATELLITEHUB_FKPSG | B17: Panisagar | C17: 2
A18: SATELLITEHUB_FKCOB | B18: Cooch Behar | C18: 1
A19: SATELLITEHUB_FKNLP | B19: Lakhimpur
A20: SATELLITEHUB_FKBON | B20: Bongaigaon | C20: 1
A21: SATELLITEHUB_AJL | B21: Aizawl
A22: SATELLITEHUB_FKMAN | B22: Managaldoi
A23: Satellitehub_Dibrugarh | B23: Dibrugarh
A24: SATELLITEHUB_BKK1 | B24: Bokakhat
A25: SATELLITEHUB_FKNLV | B25: Barbhag
A26: SATELLITEHUB_NLV1 | B26: Nalbari | C26: 1
A27: SATELLITEHUB_IMPAL | B27: Imphal
A28: SATELLITEHUB_FKHJI | B28: Hojai
A29: SATELLITEHUB_HBL1 | B29: Habrubil | C29: 1
A30: SATELLITEHUB_FKGLPT | B30: Goalpara | C30: 1
A31: SATELLITEHUB_FKKXJ | B31: Karimganj | C31: 2
A32: SATELLITEHUB_FKBPRD | B32: Barpeta | C32: 1
A33: SATELLITEHUB_FKDMC | B33: Dhemaji
A34: SATELLITEHUB_DIG | B34: Digboi
A35: SATELLITEHUB_MGN | B35: Morigaon
A36: Satellitehub_PalashBari | B36: Palashbari
A37: Satellitehub_BOKO | B37: Boko | C37: 1
A38: SATELLITEHUB_RJH2 | B38: Rajgarh
A39: Satellitehub_Udaipur | B39: Udaipur
A40: SATELLITEHUB_TLM | B40: Taliamura | C40: 2
A41: SATELLITEHUB_UGR | B41: Mangaldoi
A42: SATELLITEHUB_DPU | B42: Diphu
A43: SATELLITEHUB_BDPR1 | B43: Cachar | C43: 2
A44: Satellitehub_DBI1 | B44: Dhubri | C44: 1
A45: SATELLITEHUB_JNH | B45: jayantia hills | C45: 2
A46: CENTRALHUB_LM_AJLX | B46: MH-MH
A47: SATELLITEHUB_HKD | B47: Cachar | C47: 2
A48: SATELLITEHUB_MNT1 | B48: Maranhat Town
A49: Satellitehub_HSG | B49: Hatsingimari | C49: 1
A50: SATELLITEHUB_PSG | B50: Pasighat
A51: SATELLITEHUB_SRU | B51: Sarupathar
A52: SATELLITEHUB_KMA | B52: Kohima
A53: SATELLITEHUB_HLF | B53: Halflong | C53: 2
A54: SATELLITEHUB_MJI1 | B54: Majuli
A55: SATELLITEHUB_MOKO | B55: Mokokchung

Sheet Check
A1: final_group | B1: hop_count | C1: route_sequence | D1: total_demand | E1: assigned_vehicle_length | F1: arrival_times | G1: departure_times | H1: distance_savings | I1: max_distance | J1: route_distance | K1: assigned | L1: updated_depot_departure
A2: 840.0-0-0-5 hrs | B2: 2 | C2: CENTRALHUB_L_YKBX1 -> SATELLITEHUB_RUDRAPUR -> SATELLITEHUB_HLW1 -> CENTRALHUB_L_YKBX1 | D2: 1308 | E2: 22 | F2: 1515.0:1800.0:2640.0 | G2: 1695.0:1980.0 | H2: 690 | I2: 372 | J2: 760 | K2: Yes | L2: 900
A3: 840.0-0-0-5 hrs | B3: 2 | C3: CENTRALHUB_L_YKBX1 -> SATELLITEHUB_BAREILLY -> SATELLITEHUB_BUDAUN1 -> CENTRALHUB_L_YKBX1 | D3: 1270 | E3: 22 | F3: 1500.0:1800.0:2610.0 | G3: 1680.0:1980.0 | H3: 599.8 | I3: 360 | J3: 690.2 | K3: Yes | L3: 855
A4: 840.0-0-0-5 hrs | B4: 2 | C4: CENTRALHUB_L_YKBX1 -> SATELLITEHUB_DDN -> SATELLITEHUB_DDNHOPE -> CENTRALHUB_L_YKBX1 | D4: 1551 | E4: 24 | F4: 1560.0:1800.0:2595.0 | G4: 1740.0:1980.0 | H4: 564 | I4: 294 | J4: 588 | K4: Yes | L4: 975
A5: 840.0-0-0-5 hrs | B5: 2 | C5: CENTRALHUB_L_YKBX1 -> SATELLITEHUB_SIKAR -> SATELLITEHUB_JHUNJHUNU -> CENTRALHUB_L_YKBX1 | D5: 767 | E5: 17 | F5: 1515.0:1800.0:2505.0 | G5: 1695.0:1980.0 | H5: 430.6 | I5: 249 | J5: 533.4 | K5: Yes | L5: 990
A6: 840.0-0-0-5 hrs | B6: 2 | C6: CENTRALHUB_L_YKBX1 -> SATELLITEHUB_HWRF1 -> SATELLITEHUB_SHAMLI -> CENTRALHUB_L_YKBX1 | D6: 1261 | E6: 22 | F6: 1410.0:1800.0:2205.0 | G6: 1590.0:1920.0 | H6: 305 | I6: 262 | J6: 523 | K6: Yes | L6: 930
A7: 840.0-0-0-5 hrs | B7: 2 | C7: CENTRALHUB_L_YKBX1 -> SATELLITEHUB_KNL1 -> SATELLITEHUB_PANIPAT -> CENTRALHUB_L_YKBX1 | D7: 1798 | E7: 32 | F7: 1485.0:1800.0:2220.0 | G7: 1665.0:1980.0 | H7: 260.8 | I7: 202 | J7: 405.2 | K7: Yes | L7: 1140
A8: 840.0-0-0-5 hrs | B8: 2 | C8: CENTRALHUB_L_YKBX1 -> SATELLITEHUB_BULANDSHAHAR -> SATELLITEHUB_ALGR -> CENTRALHUB_L_YKBX1 | D8: 1256 | E8: 22 | F8: 1455.0:1800.0:2295.0 | G8: 1635.0:1980.0 | H8: 245 | I8: 172 | J8: 395 | K8: Yes | L8: 1140
A9: 840.0-0-0-5 hrs | B9: 1 | C9: CENTRALHUB_L_YKBX1 -> SATELLITEHUB_FTH -> CENTRALHUB_L_YKBX1 | D9: 1158 | E9: 20 | F9: 1800.0:2355.0 | G9: 1980 | H9: 0 | I9: 212 | J9: 424 | K9: Yes | L9: 1425
A10: 840.0-0-0-5 hrs | B10: 1 | C10: CENTRALHUB_L_YKBX1 -> SATELLITEHUB_SAHARANPUR -> CENTRALHUB_L_YKBX1 | D10: 1607 | E10: 24 | F10: 1800.0:2415.0 | G10: 1980 | H10: 0 | I10: 220 | J10: 440 | K10: Yes | L10: 1365
A11: 840.0-0-0-5 hrs | B11: 1 | C11: CENTRALHUB_L_YKBX1 -> SATELLITEHUB_BIJNOR -> CENTRALHUB_L_YKBX1 | D11: 489 | E11: 10 | F11: 1800.0:2460.0 | G11: 1980 | H11: 0 | I11: 228 | J11: 456 | K11: Yes | L11: 1320
A12: 840.0-0-0-5 hrs | B12: 1 | C12: CENTRALHUB_L_YKBX1 -> SATELLITEHUB_MRD -> CENTRALHUB_L_YKBX1 | D12: 1233 | E12: 22 | F12: 1800.0:2430.0 | G12: 1980 | H12: 0 | I12: 264 | J12: 528 | K12: Yes | L12: 1350

Sheet Accruals
A1: Formulated Date | B1: Facility Name_Zonal | C1: Actual Date (DD/MM/YY) | D1: BCP connection Date ( DD/MM/YY) | E1: INBOUND OR OUTBOUND | F1: Trip ID | G1: Return Trips-(1-2-3) | H1: Vendor Name | I1: Vehicle No. | J1: REGULAR/ADHOC | K1: Billed Vehicle Type (A/R) | L1: Actual VEHICLE SIZE | M1: Billing Size | N1: Fuel Type | O1: DUTY HOURS | P1: C/MENT ID | Q1: C/MENT DATE & TIME | R1: ACTUAL DATE & TIME OF ARRIVAL OR DEPARTURE | S1: BAGS | T1: ERP WEIGHT / SENDER WEIGHT | U1: Shipmen count | V1: Docket Wgt / Physical weight | W1: If the weight in N/A what wgt to be taken | X1: Local/ zonal / National | Y1: DIRECT OR VIA | Z1: SURFACE/ AIR | AA1: FTL OR COLOADING | AB1: 1WAY/2WAY | AC1: SOURCE | AD1: DESTINATION | AE1: Main Route Lane | AF1: ROUTE / LANE | AG1: OPENING KM ( Zonal) | AH1: CLOSING KM ( Zonal) | AI1: Total KM | AJ1: Rate Per Km | AK1: Amount | AL1: Toll Amount Per Trip & Green Tax | AM1: Accrual kM | AN1: Cost Per Shipment | AO1: MH - MH/DH/PH | AP1: Remarks for 0 km / absent / week off/ removal of vehicle etc. | AQ1: GATE PASS/ DOCKET NO. | AR1: Adhoc reason( why adhoc vehicle organized ) vehicle break down / salvage/ spillover / beach etc | AS1: Cross Charge % | AT1: Cross charge Amount | AU1: cross charge to -CL/B2B/MYNTRA/MH | AV1: Pcikup Location | AW1: Tagging | AX1: LH | AY1: Grocery | AZ1: NL | BA1: FM | BB1: a | BF1: ROUTE / LANE | BG1: Ok/Not Ok | BH1: Count | BI1: Cost
A2: 45809 | B2: Centralhub_L_YKBX1 | C2: 45809 | D2: 45809 | E2: Outbound | F2: FLZRP00109135258 | H2: HARI CARGO | I2: UP32PN6581 | J2: Regular | K2: Regular | L2: 22 | M2: 22 | N2: CNG | O2: 24 | P2: 241074209, 241104214, 241062891 | Q2: ######## | R2: ######## | S2: 259 | T2: 2849 | U2: 259 | V2: 2849 | W2: 2849 | X2: Zonal | Y2: Direct | Z2: Surface | AA2: FTL | AB2: 2 Way | AC2: Centralhub_L_YKBX1 | AD2: SAT/DDN-SAT/DDNH | AE2: CTL/YKBX1-SAT/DDN-CLT/DDN1-SAT/DDNH-CTL/DEL8 | AF2: CTL/YKBX1-SAT/DDN-CLT/DDN1-SAT/DDNH-CTL/DEL8 | AG2: Fixed | AH2: Fixed | AI2: 735 | AJ2: 21.5 | AK2: 15802.5 | AN2: 21.5 | AO2: MH-DH | AW2: LH | AX2: 15802.5 | BC2: ok | BF2: .CTL/YKBX1-SAT/ALGR-CTL/ALGR-CTL/DEL8 | BG2: ok | BH2: 19 | BI2: 160550
A3: 45809 | B3: Centralhub_L_YKBX1 | C3: 45809 | D3: 45809 | E3: Outbound | F3: FLZRP00109133705 | H3: Haryana Express | I3: HR55AL1283 | J3: Regular | K3: Regular | L3: 22 | M3: 22 | N3: CNG | O3: 24 | P3: 241063397, 241081073 | Q3: ######## | R3: ######## | S3: 201 | T3: 2211 | U3: 201 | V3: 2211 | W3: 2211 | X3: Zonal | Y3: Direct | Z3: Surface | AA3: FTL | AB3: 2 Way | AC3: Centralhub_L_YKBX1 | AD3: SAT/JHUN-SAT/SIKAR | AE3: CTL/YKBX1-SAT/JHUN-SAT/SIKAR-CTL/SIKA-CTL/YKBX1 | AF3: CTL/YKBX1-SAT/JHUN-SAT/SIKAR-CTL/SIKA-CTL/YKBX1 | AG3: Fixed | AH3: Fixed | AI3: 650 | AJ3: 21.5 | AK3: 13975 | AN3: 21.5 | AO3: MH-DH | AW3: LH | AX3: 13975 | BC3: ok | BF3: CTL/FRN-CTL/YKBX1-SAT/MZN-CTL/MZN-SAT/SHAM-CTL/YKBX1-CTL/FRN | BG3: ok | BH3: 1 | BI3: 8400
A4: 45809 | B4: Centralhub_L_YKBX1 | C4: 45809 | D4: 45809 | E4: Outbound | F4: FLZRP00109135385 | H4: Haryana Express | I4: HR55AU8177 | J4: Regular | K4: Regular | L4: 22 | M4: 22 | N4: CNG | O4: 24 | P4: 241064642, 241096526 | Q4: ######## | R4: ######## | S4: 221 | T4: 2431 | U4: 221 | V4: 2431 | W4: 2431 | X4: Zonal | Y4: Direct | Z4: Surface | AA4: FTL | AB4: 2 Way | AC4: Centralhub_L_YKBX1 | AD4: SAT/HWRF1 | AE4: CTL/YKBX1-SAT/HWRF1-CTL/HWRF1-CTL/DEL8 | AF4: CTL/YKBX1-SAT/HWRF1-CTL/HWRF1-CTL/DEL8 | AG4: Fixed | AH4: Fixed | AI4: 655 | AJ4: 21.5 | AK4: 14082.5 | AN4: 21.5 | AO4: MH-DH | AW4: LH | AX4: 14082.5 | BC4: ok | BF4: CTL/YKBX1-CTL/FRN-SAT/AGR1-CTL/AGR1-CTL/DEL8 | BG4: ok | BH4: 24 | BI4: 309600
A5: 45809 | B5: Centralhub_L_YKBX1 | C5: 45809 | D5: 45809 | E5: Outbound | F5: FLZRP00109135897 | H5: HARI CARGO | I5: UP32PN6580 | J5: Adhoc | K5: Adhoc | L5: 22 | M5: 22 | N5: CNG | O5: 24 | P5: 241096352, 241124751,241105801 | Q5: ######## | R5: ######## | S5: 140 | T5: 1540 | U5: 140 | V5: 1540 | W5: 1540 | X5: Zonal | Y5: Direct | Z5: Surface | AA5: FTL | AB5: 2 Way | AC5: Centralhub_L_YKBX1 | AD5: SAT/HWRF1/DDN | AE5: CTL/YKBX1-SAT/HWRF1-CTL/HWRF1-SAT/DDN-CTL/DEL8 | AF5: CTL/YKBX1-SAT/HWRF1-CTL/HWRF1-SAT/DDN-CTL/DEL8 | AG5: Fixed | AH5: Fixed | AI5: 760 | AJ5: 23.5 | AK5: 17860 | AN5: 23.5 | AO5: MH-DH | AW5: LH | AX5: 17860 | BC5: ok | BF5: CTL/YKBX1-CTL/FRN-SAT/ALWA-CTL/ALWA-CTL/DEL8 | BG5: ok | BH5: 23 | BI5: 211916.3
A6: 45809 | B6: Centralhub_L_YKBX1 | C6: 45809 | D6: 45809 | E6: Outbound | F6: FLZRP00109136194 | H6: M M LOGISTICS | I6: DL01MB0183 | J6: Regular | K6: Regular | L6: 28 | M6: 28 | N6: CNG | O6: 24 | P6: 241062726, 241072264, 241115044 | Q6: ######## | R6: ######## | S6: 663 | T6: 7293 | U6: 663 | V6: 7293 | W6: 7293 | X6: Zonal | Y6: Direct | Z6: Surface | AA6: FTL | AB6: 2 Way | AC6: Centralhub_L_YKBX1 | AD6: SAT/SAHA | AE6: CTL/YKBX1-SAT/SAHA-CTL/SAHA-CTL/DEL8 | AF6: CTL/YKBX1-SAT/SAHA-CTL/SAHA-CTL/DEL8 | AG6: Fixed | AH6: Fixed | AI6: 570 | AJ6: 23.5 | AK6: 13395 | AN6: 23.5 | AO6: MH-DH | AW6: LH | AX6: 13395 | BC6: ok
A7: 45809 | B7: Centralhub_L_YKBX1 | C7: 45809 | D7: 45809 | E7: Outbound | F7: FLZRP00109135562 | H7: RAHUL CARGO | I7: HR47E2902 | J7: Regular | K7: Regular | L7: 22 | M7: 22 | N7: CNG | O7: 24 | P7: 241062868, 241134607 | Q7: ######## | R7: ######## | S7: 207 | T7: 2277 | U7: 207 | V7: 2277 | W7: 2277 | X7: Zonal | Y7: Direct | Z7: Surface | AA7: FTL | AB7: 2 Way | AC7: Centralhub_L_YKBX1 | AD7: SAT/ALGR | AE7: .CTL/YKBX1-SAT/ALGR-CTL/ALGR-CTL/DEL8 | AF7: .CTL/YKBX1-SAT/ALGR-CTL/ALGR-CTL/DEL8 | AG7: Fixed | AH7: Fixed | AI7: 380 | AJ7: 21.5 | AK7: 8170 | AN7: 21.5 | AO7: MH-DH | AW7: LH | AX7: 8170 | BC7: ok | BF7: CTL/YKBX1-SAT/ALGR-CTL/ALGR-CTL/DEL8 | BG7: ok | BH7: 6 | BI7: 49020
A8: 45809 | B8: Centralhub_L_YKBX1 | C8: 45809 | D8: 45809 | E8: Outbound | F8: FLZRP00109136979 | H8: Chirag Road Line | I8: HR38AC7298 | J8: Regular | K8: Regular | L8: 22 | M8: 22 | N8: CNG | O8: 24 | P8: 241064831, 241141628 | Q8: ######## | R8: ######## | S8: 162 | T8: 1782 | U8: 162 | V8: 1782 | W8: 1782 | X8: Zonal | Y8: Direct | Z8: Surface | AA8: FTL | AB8: 2 Way | AC8: Centralhub_L_YKBX1 | AD8: SAT/RUDRAPUR | AE8: CTL/YKBX1-SAT/RUDRAPUR-CTL/RUDRAPUR-CTL/DEL8 | AF8: CTL/YKBX1-SAT/RUDRAPUR-CTL/DEL8 | AG8: Fixed | AH8: Fixed | AI8: 790 | AJ8: 21.5 | AK8: 16985 | AN8: 21.5 | AO8: MH-DH | AS8: 0.5 | AT8: 8492.5 | AU8: CL | AV8: CentralHub_RUDRAPUR | AW8: FM Pickup | AX8: 8492.5 | BA8: 8492.5 | BC8: ok | BF8: CTL/YKBX1-SAT/ALGR-CTL/ALGR-SAT/BUDAUN1-CTL/DEL8 | BG8: ok | BH8: 4 | BI8: 73320
A9: 45809 | B9: Centralhub_L_YKBX1 | C9: 45809 | D9: 45809 | E9: Outbound | F9: FLZRP00109137145 | H9: Chirag Road Line | I9: DL01MA7241 | J9: Regular | K9: Regular | L9: 22 | M9: 22 | N9: CNG | O9: 24 | P9: 241100007, 241110740 | Q9: ######## | R9: ######## | S9: 178 | T9: 1958 | U9: 178 | V9: 1958 | W9: 1958 | X9: Zonal | Y9: Direct | Z9: Surface | AA9: FTL | AB9: 2 Way | AC9: Centralhub_L_YKBX1 | AD9: SAT/HLW1 | AE9: CTL/YKBX1-SAT/HLW1-CTL/HLW1-CTL/YKBX1 | AF9: CTL/YKBX1-SAT/HLW1-CTL/HLW1-CTL/YKBX1 | AG9: Fixed | AH9: Fixed | AI9: 815 | AJ9: 21.5 | AK9: 17522.5 | AN9: 21.5 | AO9: MH-DH | AW9: FM Pickup | AX9: 17522.5 | BC9: ok | BF9: CTL/YKBX1-SAT/ALGR-SAT/BUDAUN1 | BG9: ok | BH9: 1 | BI9: 18330
A10: 45809 | B10: Centralhub_L_YKBX1 | C10: 45809 | D10: 45809 | E10: Outbound | F10: FLZRP00109140686 | H10: NARENDRA TRANSPORT | I10: DL01MB4009 | J10: Regular | K10: Regular | L10: 22 | M10: 22 | N10: CNG | O10: 24 | P10: 241116639, 241117962, 241134561 | Q10: ######## | R10: ######## | S10: 140 | T10: 1540 | U10: 140 | V10: 1540 | W10: 1540 | X10: Zonal | Y10: Direct | Z10: Surface | AA10: FTL | AB10: 2 Way | AC10: Centralhub_L_YKBX1 | AD10: SAT/AGR1 | AE10: CTL/YKBX1-CTL/FRN-SAT/AGR1-CTL/AGR1-CTL/DEL8 | AF10: CTL/YKBX1-CTL/FRN-SAT/AGR1-CTL/AGR1-CTL/DEL8 | AG10: Fixed | AH10: Fixed | AI10: 600 | AJ10: 21.5 | AK10: 12900 | AN10: 21.5 | AO10: MH-DH | AW10: FM Pickup | AX10: 12900 | BC10: ok | BF10: CTL/YKBX1-SAT/BARE-CTL/BAREIL-CTL/DEL8 | BG10: ok | BH10: 22 | BI10: 380000
A11: 45809 | B11: Centralhub_L_YKBX1 | C11: 45809 | D11: 45809 | E11: Outbound | F11: FLZRA00109182326 | H11: M M LOGISTICS | I11: DL01MA7110 | J11: Regular | K11: Regular | L11: 22 | M11: 22 | N11: CNG | O11: 24 | P11: 241135491, 241165401 | Q11: ######## | R11: ######## | S11: 48 | T11: 528 | U11: 48 | V11: 528 | W11: 528 | X11: Zonal | Y11: Direct | Z11: Surface | AA11: FTL | AB11: 2 Way | AC11: Centralhub_L_YKBX1 | AD11: SAT/FTH | AE11: CTL/YKBX1-SAT/FTH-CTL/FTH-CTL/DEL8 | AF11: CTL/YKBX1-SAT/FTH-CTL/FTH-CTL/DEL8 | AG11: Fixed | AH11: Fixed | AI11: 510 | AJ11: 21.5 | AK11: 10965 | AN11: 21.5 | AO11: MH-DH | AW11: FM Pickup | AX11: 10965 | BC11: ok | BF11: CTL/YKBX1-SAT/BIJNOR-CTL/BIJNOR-CTL/YKBX1 | BG11: ok | BH11: 14 | BI11: 153510
A12: 45809 | B12: Centralhub_L_YKBX1 | C12: 45809 | D12: 45809 | E12: Outbound | F12: FLZRA00109141014 | H12: M M LOGISTICS | I12: DL01M8917 | J12: Adhoc | K12: Adhoc | L12: 22 | M12: 22 | N12: CNG | O12: 24 | P12: 241099141, 241133908 | Q12: ######## | R12: ######## | S12: 205 | T12: 2255 | U12: 205 | V12: 2255 | W12: 2255 | X12: Zonal | Y12: Direct | Z12: Surface | AA12: FTL | AB12: 2 Way | AC12: Centralhub_L_YKBX1 | AD12: SAT/FTH | AE12: CTL/YKBX1-SAT/FTH | AF12: CTL/YKBX1-SAT/FTH | AG12: Fixed | AH12: Fixed | AI12: 510 | AJ12: 23.5 | AK12: 11985 | AN12: 23.5 | AO12: MH-DH | AW12: FM Pickup | AX12: 11985 | BC12: ok | BF12: CTL/YKBX1-SAT/BIJNOR-CTL/YKBX1 | BG12: ok | BH12: 1 | BI12: 10965
A13: 45809 | B13: Centralhub_L_YKBX1 | C13: 45809 | D13: 45809 | E13: Outbound | F13: FLZRP00109179150 | H13: NITIN TRANSPORT COMPANY | I13: HR55AH3720 | J13: Regular | K13: Regular | L13: 32 | M13: 32 | N13: Diesel | O13: 24 | P13: 241000000 | Q13: ######## | R13: ######## | S13: 148 | T13: 1628 | U13: 148 | V13: 1628 | W13: 1628 | X13: Zonal | Y13: Direct | Z13: Surface | AA13: FTL | AB13: 2 Way | AC13: Centralhub_L_YKBX1 | AD13: SAT/ALWA | AE13: CTL/YKBX1-CTL/FRN-SAT/ALWA-CTL/ALWA-CTL/DEL8 | AF13: CTL/YKBX1-CTL/FRN-SAT/ALWA-CTL/ALWA-CTL/DEL8 | AG13: Fixed | AH13: Fixed | AI13: 325 | AJ13: 28.4 | AK13: 9213.75 | AN13: 28.35 | AO13: MH-DH | AW13: FM Pickup | AX13: 9213.75 | BC13: ok
A14: 45809 | B14: Centralhub_L_YKBX1 | C14: 45809 | D14: 45809 | E14: Outbound | F14: FLZRP00109152084 | H14: NARENDRA TRANSPORT | I14: DL01MB4199 | J14: Regular | K14: Regular | L14: 22 | M14: 22 | N14: CNG | O14: 24 | P14: 241000000 | Q14: ######## | R14: ######## | S14: 195 | T14: 2145 | U14: 195 | V14: 2145 | W14: 2145 | X14: Zonal | Y14: Direct | Z14: Surface | AA14: FTL | AB14: 2 Way | AC14: Centralhub_L_YKBX1 | AD14: SAT/BULAND | AE14: CTL/YKBX1-SAT/BULAND-CTL/DEL8 | AF14: CTL/YKBX1-SAT/BULAND | AG14: Fixed | AH14: Fixed | AI14: 440 | AJ14: 21.5 | AK14: 9460 | AN14: 21.5 | AO14: MH-DH | AW14: FM Pickup | AX14: 9460 | BC14: ok | BF14: CTL/YKBX1-SAT/BUDAUN1 | BG14: ok | BH14: 8 | BI14: 133980
A15: 45809 | B15: Centralhub_L_YKBX1 | C15: 45809 | D15: 45809 | E15: Outbound | F15: FLZRP00109152202 | H15: RAHUL CARGO | I15: HR47E2800 | J15: Regular | K15: Regular | L15: 22 | M15: 22 | N15: CNG | O15: 24 | P15: 241130819, 241174207,241140526 | Q15: ######## | R15: ######## | S15: 231 | T15: 2541 | U15: 231 | V15: 2541 | W15: 2541 | X15: Zonal | Y15: Direct | Z15: Surface | AA15: FTL | AB15: 2 Way | AC15: Centralhub_L_YKBX1 | AD15: SAT/MZN-SAT/SHAM | AE15: CTL/YKBX1-SAT/MZN-CTL/MZN-SAT/SHAM-CTL/YKBX1 | AF15: CTL/YKBX1-SAT/MZN-CTL/MZN-SAT/SHAM-CTL/YKBX1 | AG15: Fixed | AH15: Fixed | AI15: 440 | AJ15: 21.5 | AK15: 9460 | AN15: 21.5 | AO15: MH-DH | AW15: FM Pickup | AX15: 9460 | BC15: ok | BF15: CTL/YKBX1-SAT/BUDAUN1-CTL/DEL8 | BG15: ok | BH15: 3 | BI15: 49665
A16: 45809 | B16: Centralhub_L_YKBX1 | C16: 45809 | D16: 45809 | E16: Outbound | F16: FLZRP00109152411 | H16: NARENDRA TRANSPORT | I16: DL01MB1978 | J16: Regular | K16: Regular | L16: 22 | M16: 22 | N16: CNG | O16: 24 | P16: 241161691, 241194860 | Q16: ######## | R16: ######## | S16: 219 | T16: 2409 | U16: 219 | V16: 2409 | W16: 2409 | X16: Zonal | Y16: Direct | Z16: Surface | AA16: FTL | AB16: 2 Way | AC16: Centralhub_L_YKBX1 | AD16: SAT/BARE | AE16: CTL/YKBX1-SAT/BARE-CTL/BAREIL-CTL/DEL8 | AF16: CTL/YKBX1-SAT/BARE-CTL/BAREIL-CTL/DEL8 | AG16: Fixed | AH16: Fixed | AI16: 800 | AJ16: 21.5 | AK16: 17200 | AN16: 21.5 | AO16: MH-DH | AW16: FM Pickup | AX16: 17200 | BC16: ok | BF16: CTL/YKBX1-SAT/BULAND | BG16: ok | BH16: 9 | BI16: 85140
A17: 45809 | B17: Centralhub_L_YKBX1 | C17: 45809 | D17: 45809 | E17: Outbound | F17: FLZRP00109179383 | H17: NITIN TRANSPORT COMPANY | I17: HR69C4288 | J17: Regular | K17: Regular | L17: 32 | M17: 32 | N17: Diesel | O17: 24 | P17: 241147900, 241198890, 241200117, 241201292 | Q17: ######## | R17: ######## | S17: 291 | T17: 3201 | U17: 291 | V17: 3201 | W17: 3201 | X17: Zonal | Y17: Direct | Z17: Surface | AA17: FTL | AB17: 2 Way | AC17: Centralhub_L_YKBX1 | AD17: SAT/PANI | AE17: CTL/YKBX1-SAT/PANI-CTL/PANIPA-MP/PANIPA-CTL/DEL8 | AF17: CTL/YKBX1-SAT/PANI-CTL/PANIPA-MP/PANIPA-CTL/DEL8 | AG17: Fixed | AH17: Fixed | AI17: 325 | AJ17: 28.4 | AK17: 9213.75 | AN17: 28.35 | AO17: MH-DH | AW17: FM Pickup | AX17: 9213.75 | BC17: ok
A18: 45809 | B18: Centralhub_L_YKBX1 | C18: 45809 | D18: 45809 | E18: Outbound | F18: FLZRP00109178142 | H18: NITIN TRANSPORT COMPANY | I18: HR55W2559 | J18: Regular | K18: Regular | L18: 32 | M18: 32 | N18: Diesel | O18: 24 | P18: 241185498, 241204246, 241207113 | Q18: ######## | R18: ######## | S18: 203 | T18: 2233 | U18: 203 | V18: 2233 | W18: 2233 | X18: Zonal | Y18: Direct | Z18: Surface | AA18: FTL | AB18: 2 Way | AC18: Centralhub_L_YKBX1 | AD18: SAT/KNL1 | AE18: CTL/YKBX1-SAT/KNL1-CTL/DEL8 | AF18: CTL/YKBX1-SAT/KNL1-CTL/DEL8 | AG18: Fixed | AH18: Fixed | AI18: 475 | AJ18: 28.35 | AK18: 13466.25 | AN18: 28.35 | AO18: MH-DH | AW18: FM Pickup | AX18: 13466.25 | BC18: ok
A19: 45809 | B19: Centralhub_L_YKBX1 | C19: 45809 | D19: 45809 | E19: Outbound | F19: FLZRP00109153680 | H19: M M LOGISTICS | I19: DL01MB0790 | J19: Regular | K19: Regular | L19: 22 | M19: 22 | N19: CNG | O19: 24 | P19: 241121111, 241210195 | Q19: ######## | R19: ######## | S19: 326 | T19: 3586 | U19: 326 | V19: 3586 | W19: 3586 | X19: Zonal | Y19: Direct | Z19: Surface | AA19: FTL | AB19: 2 Way | AC19: Centralhub_L_YKBX1 | AD19: SAT/MRD | AE19: CTL/YKBX1-SAT/MRD-CTL/MRD-CTL/DEL8 | AF19: CTL/YKBX1-SAT/MRD-CTL/MRD-CTL/DEL8 | AG19: Fixed | AH19: Fixed | AI19: 655 | AJ19: 21.5 | AK19: 14082.5 | AN19: 21.5 | AO19: MH-DH | AW19: FM Pickup | AX19: 14082.5 | BC19: ok | BF19: CTL/YKBX1-SAT/BULAND-CTL/BULANDSHAHAR-CTL/DEL8 | BG19: ok | BH19: 3 | BI19: 28380
A20: 45809 | B20: Centralhub_L_YKBX1 | C20: 45809 | D20: 45809 | E20: Outbound | F20: FLZRP00109209330 | H20: Haryana Express | I20: HR55AL6289 | J20: Regular | K20: Regular | L20: 22 | M20: 22 | N20: CNG | O20: 24 | P20: 241195998, 241233423 | Q20: ######## | R20: ######## | S20: 142 | T20: 1562 | U20: 142 | V20: 1562 | W20: 1562 | X20: Zonal | Y20: Direct | Z20: Surface | AA20: FTL | AB20: 2 Way | AC20: Centralhub_L_YKBX1 | AD20: SAT/MEER | AE20: CTL/YKBX1-SAT/MEER-CTL/DEL8 | AF20: CTL/YKBX1-SAT/MEER-CTL/DEL8 | AG20: Fixed | AH20: Fixed | AI20: 396 | AJ20: 21.5 | AK20: 8514 | AN20: 21.5 | AO20: MH-DH | AW20: FM Pickup | AX20: 8514 | BC20: ok | BF20: CTL/YKBX1-SAT/DDN-CLT/DDN1-SAT/DDNH-CTL/DDNH-CTL/DEL8 | BG20: ok | BH20: 6 | BI20: 94815
A21: 45809 | B21: Centralhub_L_YKBX1 | C21: 45809 | D21: 45809 | E21: Outbound | F21: FLZRP00109209484 | H21: Haryana Express | I21: HR55AW0740 | J21: Regular | K21: Regular | L21: 22 | M21: 22 | N21: CNG | O21: 24 | P21: 241207105, 241236277 , 241223064 | Q21: ######## | R21: ######## | S21: 166 | T21: 1826 | U21: 166 | V21: 1826 | W21: 1826 | X21: Zonal | Y21: Direct | Z21: Surface | AA21: FTL | AB21: 2 Way | AC21: Centralhub_L_YKBX1 | AD21: SAT/MNR-SAT/BIJNOR | AE21: CTL/YKBX1-SAT/MNR-SAT/BIJNOR-CTL/YKBX1 | AF21: CTL/YKBX1-SAT/MNR-SAT/BIJNOR-CTL/YKBX1 | AG21: Fixed | AH21: Fixed | AI21: 510 | AJ21: 21.5 | AK21: 10965 | AN21: 21.5 | AO21: MH-DH | AW21: FM Pickup | AX21: 10965 | BC21: ok | BF21: CTL/YKBX1-SAT/DDN-CLT/DDN1-SAT/DDNH-CTL/DEL8 | BG21: ok | BH21: 17 | BI21: 268642.5
A22: 45810 | B22: Centralhub_L_YKBX1 | C22: 45810 | D22: 45810 | E22: Outbound | F22: FLZRP00109135259 | H22: HARI CARGO | I22: UP32PN5570 | J22: Regular | K22: Regular | L22: 22 | M22: 22 | N22: CNG | O22: 24 | P22: ######## | Q22: ######## | R22: ######## | S22: ######## | T22: 3124 | U22: 284 | V22: 3124 | W22: 3124 | X22: Zonal | Y22: Direct | Z22: Surface | AA22: FTL | AB22: 2 Way | AC22: Centralhub_L_YKBX1 | AD22: SAT/DDN-SAT/DDNH | AE22: CTL/YKBX1-SAT/DDN-CLT/DDN1-SAT/DDNH-CTL/DEL8 | AF22: CTL/YKBX1-SAT/DDN-CLT/DDN1-SAT/DDNH-CTL/DEL8 | AG22: Fixed | AH22: Fixed | AI22: 735 | AJ22: 21.5 | AK22: 15802.5 | AN22: 21.5 | AO22: MH-DH | AW22: FM Pickup | AX22: 15802.5 | BC22: ok | BF22: CTL/YKBX1-SAT/FTH | BG22: ok | BH22: 18 | BI22: 210630
A23: 45810 | B23: Centralhub_L_YKBX1 | C23: 45810 | D23: 45810 | E23: Outbound | F23: FLZRP00109133706 | H23: Haryana Express | I23: HR55AL1938 | J23: Regular | K23: Regular | L23: 22 | M23: 22 | N23: CNG | O23: 24 | P23: ######## | Q23: ######## | R23: ######## | S23: ######## | T23: 2519 | U23: 229 | V23: 2519 | W23: 2519 | X23: Zonal | Y23: Direct | Z23: Surface | AA23: FTL | AB23: 2 Way | AC23: Centralhub_L_YKBX1 | AD23: SAT/JHUN-SAT/SIKAR | AE23: CTL/YKBX1-SAT/JHUN-SAT/SIKAR-CTL/SIKA-CTL/YKBX1 | AF23: CTL/YKBX1-SAT/JHUN-SAT/SIKAR-CTL/SIKA-CTL/YKBX1 | AG23: Fixed | AH23: Fixed | AI23: 650 | AJ23: 21.5 | AK23: 13975 | AN23: 21.5 | AO23: MH-DH | AW23: FM Pickup | AX23: 13975 | BC23: ok | BF23: CTL/YKBX1-SAT/FTH-CTL/FTH-CTL/DEL8 | BG23: ok | BH23: 19 | BI23: 209355
A24: 45810 | B24: Centralhub_L_YKBX1 | C24: 45810 | D24: 45810 | E24: Outbound | F24: FLZRP00109135386 | H24: Haryana Express | I24: HR55AS6970 | J24: Regular | K24: Regular | L24: 22 | M24: 22 | N24: CNG | O24: 24 | P24: 241305208, 241315297 | Q24: ######## | R24: ######## | S24: ######## | T24: 2860 | U24: 260 | V24: 2860 | W24: 2860 | X24: Zonal | Y24: Direct | Z24: Surface | AA24: FTL | AB24: 2 Way | AC24: Centralhub_L_YKBX1 | AD24: SAT/HWRF1 | AE24: CTL/YKBX1-SAT/HWRF1-CTL/HWRF1-CTL/DEL8 | AF24: CTL/YKBX1-SAT/HWRF1-CTL/HWRF1-CTL/DEL8 | AG24: Fixed | AH24: Fixed | AI24: 655 | AJ24: 21.5 | AK24: 14082.5 | AN24: 21.5 | AO24: MH-DH | AW24: FM Pickup | AX24: 14082.5 | BC24: ok | BF24: CTL/YKBX1-SAT/HLW1-CTL/HLW1-CTL/YKBX1 | BG24: ok | BH24: 23 | BI24: 403017.5
A25: 45810 | B25: Centralhub_L_YKBX1 | C25: 45810 | D25: 45810 | E25: Outbound | F25: FLZRP00109136195 | H25: M M LOGISTICS | I25: DL01MB0281 | J25: Regular | K25: Regular | L25: 28 | M25: 28 | N25: CNG | O25: 24 | P25: 241305155, 241308797, 241351318 | Q25: ######## | R25: ######## | S25: ######## | T25: 4675 | U25: 425 | V25: 4675 | W25: 4675 | X25: Zonal | Y25: Direct | Z25: Surface | AA25: FTL | AB25: 2 Way | AC25: Centralhub_L_YKBX1 | AD25: SAT/SAHA | AE25: CTL/YKBX1-SAT/SAHA-CTL/SAHA-CTL/DEL8 | AF25: CTL/YKBX1-SAT/SAHA-CTL/SAHA-CTL/DEL8 | AG25: Fixed | AH25: Fixed | AI25: 570 | AJ25: 23.5 | AK25: 13395 | AN25: 23.5 | AO25: MH-DH | AW25: FM Pickup | AX25: 13395 | BC25: ok
A26: 45810 | B26: Centralhub_L_YKBX1 | C26: 45810 | D26: 45810 | E26: Outbound | F26: FLZRP00109243372 | H26: RAHUL CARGO | I26: NL01AE5620 | J26: Regular | K26: Regular | L26: 22 | M26: 22 | N26: CNG | O26: 24 | P26: 241339711, 241381753 | Q26: ######## | R26: ######## | S26: ######## | T26: 2112 | U26: 192 | V26: 2112 | W26: 2112 | X26: Zonal | Y26: Direct | Z26: Surface | AA26: FTL | AB26: 2 Way | AC26: Centralhub_L_YKBX1 | AD26: SAT/ALGR | AE26: .CTL/YKBX1-SAT/ALGR-CTL/ALGR-CTL/DEL8 | AF26: .CTL/YKBX1-SAT/ALGR-CTL/ALGR-CTL/DEL8 | AG26: Fixed | AH26: Fixed | AI26: 380 | AJ26: 21.5 | AK26: 8170 | AN26: 21.5 | AO26: MH-DH | AW26: FM Pickup | AX26: 8170 | BC26: ok | BF26: CTL/YKBX1-SAT/HWRF1 | BG26: ok | BH26: 3 | BI26: 46177.5
A27: 45810 | B27: Centralhub_L_YKBX1 | C27: 45810 | D27: 45810 | E27: Outbound | F27: FLZRP00109228757 | H27: M M LOGISTICS | I27: DL01MA5430 | J27: Regular | K27: Regular | L27: 22 | M27: 22 | N27: CNG | O27: 24 | P27: ######## | Q27: ######## | R27: ######## | S27: ######## | T27: 2387 | U27: 217 | V27: 2387 | W27: 2387 | X27: Zonal | Y27: Direct | Z27: Surface | AA27: FTL | AB27: 2 Way | AC27: Centralhub_L_YKBX1 | AD27: SAT/BUDAUN1 | AE27: CTL/YKBX1-SAT/BUDAUN1 | AF27: CTL/YKBX1-SAT/BUDAUN1-CTL/DEL8 | AG27: Fixed | AH27: Fixed | AI27: 770 | AJ27: 21.5 | AK27: 16555 | AN27: 21.5 | AO27: MH-DH | AW27: FM Pickup | AX27: 16555 | BC27: ok | BF27: CTL/YKBX1-SAT/HWRF1-CTL/HWRF1-CTL/DEL8 | BG27: ok | BH27: 26 | BI27: 371385
A28: 45810 | B28: Centralhub_L_YKBX1 | C28: 45810 | D28: 45810 | E28: Outbound | F28: FLZRP00109136980 | H28: Chirag Road Line | I28: HR38AC0661 | J28: Regular | K28: Regular | L28: 22 | M28: 22 | N28: CNG | O28: 24 | P28: 241305145, 241337705, 241380187 | Q28: ######## | R28: ######## | S28: ######## | T28: 1914 | U28: 174 | V28: 1914 | W28: 1914 | X28: Zonal | Y28: Direct | Z28: Surface | AA28: FTL | AB28: 2 Way | AC28: Centralhub_L_YKBX1 | AD28: SAT/RUDRAPUR | AE28: CTL/YKBX1-SAT/RUDRAPUR-CTL/RUDRAPUR-CTL/DEL8 | AF28: CTL/YKBX1-SAT/RUDRAPUR-CTL/DEL8 | AG28: Fixed | AH28: Fixed | AI28: 790 | AJ28: 21.5 | AK28: 16985 | AN28: 21.5 | AO28: MH-DH | AS28: 0.5 | AT28: 8492.5 | AU28: CL | AV28: CentralHub_RUDRAPUR | AW28: FM Pickup | AX28: 8492.5 | BA28: 8492.5 | BC28: ok | BF28: CTL/YKBX1-SAT/HWRF1-CTL/HWRF1-SAT/DDN-CTL/DEL8 | BG28: ok | BH28: 7 | BI28: 125020
A29: 45810 | B29: Centralhub_L_YKBX1 | C29: 45810 | D29: 45810 | E29: Outbound | F29: FLZRP00109137146 | H29: Chirag Road Line | I29: HR38AC2491 | J29: Regular | K29: Regular | L29: 22 | M29: 22 | N29: CNG | O29: 24 | P29: ######## | Q29: ######## | R29: ######## | S29: ######## | T29: 1859 | U29: 169 | V29: 1859 | W29: 1859 | X29: Zonal | Y29: Direct | Z29: Surface | AA29: FTL | AB29: 2 Way | AC29: Centralhub_L_YKBX1 | AD29: SAT/HLW1 | AE29: CTL/YKBX1-SAT/HLW1-CTL/HLW1-CTL/YKBX1 | AF29: CTL/YKBX1-SAT/HLW1-CTL/HLW1-CTL/YKBX1 | AG29: Fixed | AH29: Fixed | AI29: 815 | AJ29: 21.5 | AK29: 17522.5 | AN29: 21.5 | AO29: MH-DH | AW29: FM Pickup | AX29: 17522.5 | BC29: ok | BF29: CTL/YKBX1-SAT/JHUN-SAT/SIKAR-CTL/SIKA-CTL/YKBX1 | BG29: ok | BH29: 23 | BI29: 321425
A30: 45810 | B30: Centralhub_L_YKBX1 | C30: 45810 | D30: 45810 | E30: Outbound | F30: FLZRP00109223328 | H30: NARENDRA TRANSPORT | I30: DL01MB1904 | J30: Regular | K30: Regular | L30: 22 | M30: 22 | N30: CNG | O30: 24 | P30: 241342408, 241344317 | Q30: ######## | R30: ######## | S30: ######## | T30: 1155 | U30: 105 | V30: 1155 | W30: 1155 | X30: Zonal | Y30: Direct | Z30: Surface | AA30: FTL | AB30: 2 Way | AC30: Centralhub_L_YKBX1 | AD30: SAT/AGR1 | AE30: CTL/YKBX1-CTL/FRN-SAT/AGR1-CTL/AGR1-CTL/DEL8 | AF30: CTL/YKBX1-CTL/FRN-SAT/AGR1-CTL/AGR1-CTL/DEL8 | AG30: Fixed | AH30: Fixed | AI30: 600 | AJ30: 21.5 | AK30: 12900 | AN30: 21.5 | AO30: MH-DH | AW30: FM Pickup | AX30: 12900 | BC30: ok | BF30: CTL/YKBX1-SAT/KNL1-CTL/DEL8 | BG30: ok | BH30: 27 | BI30: 292552.5
A31: 45810 | B31: Centralhub_L_YKBX1 | C31: 45810 | D31: 45810 | E31: Outbound | F31: FLZRP00109222031 | H31: M M LOGISTICS | I31: DL01MA7110 | J31: Regular | K31: Regular | L31: 22 | M31: 22 | N31: CNG | O31: 24 | P31: 241000000 | Q31: ######## | R31: ######## | S31: ######## | T31: 572 | U31: 52 | V31: 572 | W31: 572 | X31: Zonal | Y31: Direct | Z31: Surface | AA31: FTL | AB31: 2 Way | AC31: Centralhub_L_YKBX1 | AD31: SAT/FTH | AE31: CTL/YKBX1-SAT/FTH-CTL/FTH-CTL/DEL8 | AF31: CTL/YKBX1-SAT/FTH-CTL/FTH-CTL/DEL8 | AG31: Fixed | AH31: Fixed | AI31: 510 | AJ31: 21.5 | AK31: 10965 | AN31: 21.5 | AO31: MH-DH | AW31: FM Pickup | AX31: 10965 | BC31: ok | BF31: CTL/YKBX1-SAT/MEER-CTL/DEL8 | BG31: ok | BH31: 25 | BI31: 215226
A32: 45810 | B32: Centralhub_L_YKBX1 | C32: 45810 | D32: 45810 | E32: Outbound | F32: FLZRP00109226270 | H32: M M LOGISTICS | I32: DL01M8917 | J32: Adhoc | K32: Adhoc | L32: 22 | M32: 22 | N32: CNG | O32: 24 | P32: 241000000 | Q32: ######## | R32: ######## | S32: ######## | T32: 2288 | U32: 208 | V32: 2288 | W32: 2288 | X32: Zonal | Y32: Direct | Z32: Surface | AA32: FTL | AB32: 2 Way | AC32: Centralhub_L_YKBX1 | AD32: SAT/FTH | AE32: CTL/YKBX1-SAT/FTH | AF32: CTL/YKBX1-SAT/FTH | AG32: Fixed | AH32: Fixed | AI32: 510 | AJ32: 23.5 | AK32: 11985 | AN32: 23.5 | AO32: MH-DH | AW32: FM Pickup | AX32: 11985 | BC32: ok | BF32: CTL/YKBX1-SAT/MEER-CTL/YKBX1 | BG32: ok | BH32: 1 | BI32: 8514
A33: 45810 | B33: Centralhub_L_YKBX1 | C33: 45810 | D33: 45810 | E33: Outbound | F33: FLZRP00109223642 | H33: NITIN TRANSPORT COMPANY | I33: HR55AH3720 | J33: Regular | K33: Regular | L33: 32 | M33: 32 | N33: Diesel | O33: 24 | P33: 241000000 | Q33: ######## | R33: ######## | S33: ######## | T33: 1881 | U33: 171 | V33: 1881 | W33: 1881 | X33: Zonal | Y33: Direct | Z33: Surface | AA33: FTL | AB33: 2 Way | AC33: Centralhub_L_YKBX1 | AD33: SAT/ALWA | AE33: CTL/YKBX1-CTL/FRN-SAT/ALWA-CTL/ALWA-CTL/DEL8 | AF33: CTL/YKBX1-CTL/FRN-SAT/ALWA-CTL/ALWA-CTL/DEL8 | AG33: Fixed | AH33: Fixed | AI33: 325 | AJ33: 28.4 | AK33: 9213.75 | AN33: 28.35 | AO33: MH-DH | AW33: FM Pickup | AX33: 9213.75 | BC33: ok
A34: 45810 | B34: Centralhub_L_YKBX1 | C34: 45810 | D34: 45810 | E34: Outbound | F34: FLZRA00109208148 | H34: NARENDRA TRANSPORT | I34: DL01MB1863 | J34: Regular | K34: Regular | L34: 22 | M34: 22 | N34: CNG | O34: 24 | P34: 241363890,241343560, 241386651 | Q34: ######## | R34: ######## | S34: ######## | T34: 2420 | U34: 220 | V34: 2420 | W34: 2420 | X34: Zonal | Y34: Direct | Z34: Surface | AA34: FTL | AB34: 2 Way | AC34: Centralhub_L_YKBX1 | AD34: SAT/BARE | AE34: CTL/YKBX1-SAT/BARE-CTL/BAREIL-CTL/DEL8 | AF34: CTL/YKBX1-SAT/BARE-CTL/BAREIL-CTL/DEL8 | AG34: Fixed | AH34: Fixed | AI34: 800 | AJ34: 21.5 | AK34: 17200 | AN34: 21.5 | AO34: MH-DH | AW34: FM Pickup | AX34: 17200 | BC34: ok | BF34: CTL/YKBX1-SAT/MNR-CTL/YKBX1 | BG34: ok | BH34: 16 | BI34: 113520
A35: 45810 | B35: Centralhub_L_YKBX1 | C35: 45810 | D35: 45810 | E35: Outbound | F35: FLZRP00109251084 | H35: NARENDRA TRANSPORT | I35: DL01MA7788 | J35: Adhoc | K35: Adhoc | L35: 22 | M35: 22 | N35: CNG | O35: 24 | P35: 241000000 | Q35: ######## | R35: ######## | S35: ######## | T35: 1914 | U35: 174 | V35: 1914 | W35: 1914 | X35: Zonal | Y35: Direct | Z35: Surface | AA35: FTL | AB35: 2 Way | AC35: Centralhub_L_YKBX1 | AD35: SAT/BARE | AE35: CTL/YKBX1-SAT/BARE-CTL/BAREIL-CTL/DEL8 | AF35: CTL/YKBX1-SAT/BARE-CTL/BAREIL-CTL/DEL8 | AG35: Fixed | AH35: Fixed | AI35: 800 | AJ35: 23.5 | AK35: 18800 | AN35: 23.5 | AO35: MH-DH | AW35: FM Pickup | AX35: 18800 | BC35: ok | BF35: CTL/YKBX1-SAT/MNR--CTL/YKBX1 | BG35: ok | BH35: 1 | BI35: 10857.5
A36: 45810 | B36: Centralhub_L_YKBX1 | C36: 45810 | D36: 45810 | E36: Outbound | F36: FLZRP00109251746 | H36: NITIN TRANSPORT COMPANY | I36: HR69C4288 | J36: Regular | K36: Regular | L36: 32 | M36: 32 | N36: Diesel | O36: 24 | P36: 241384110, 24140632 | Q36: ######## | R36: ######## | S36: ######## | T36: 2684 | U36: 244 | V36: 2684 | W36: 2684 | X36: Zonal | Y36: Direct | Z36: Surface | AA36: FTL | AB36: 2 Way | AC36: Centralhub_L_YKBX1 | AD36: SAT/PANI | AE36: CTL/YKBX1-SAT/PANI-CTL/PANIPA-MP/PANIPA-CTL/DEL8 | AF36: CTL/YKBX1-SAT/PANI-CTL/PANIPA-MP/PANIPA-CTL/DEL8 | AG36: Fixed | AH36: Fixed | AI36: 325 | AJ36: 28.4 | AK36: 9213.75 | AN36: 28.35 | AO36: MH-DH | AW36: FM Pickup | AX36: 9213.75 | BC36: ok
A37: 45810 | B37: Centralhub_L_YKBX1 | C37: 45810 | D37: 45810 | E37: Outbound | F37: FLZRP00109224689 | H37: NITIN TRANSPORT COMPANY | I37: HR55W2559 | J37: Regular | K37: Regular | L37: 32 | M37: 32 | N37: Diesel | O37: 24 | P37: 241383013, 241446374 | Q37: ######## | R37: ######## | S37: ######## | T37: 2728 | U37: 248 | V37: 2728 | W37: 2728 | X37: Zonal | Y37: Direct | Z37: Surface | AA37: FTL | AB37: 2 Way | AC37: Centralhub_L_YKBX1 | AD37: SAT/KNL1 | AE37: CTL/YKBX1-SAT/KNL1-CTL/DEL8 | AF37: CTL/YKBX1-SAT/KNL1-CTL/DEL8 | AG37: Fixed | AH37: Fixed | AI37: 475 | AJ37: 28.35 | AK37: 13466.25 | AN37: 28.35 | AO37: MH-DH | AW37: FM Pickup | AX37: 13466.25 | BC37: ok
A38: 45810 | B38: Centralhub_L_YKBX1 | C38: 45810 | D38: 45810 | E38: Outbound | F38: FLZRP00109224799 | H38: M M LOGISTICS | I38: DL01LAE7323 | J38: Regular | K38: Regular | L38: 22 | M38: 22 | N38: CNG | O38: 24 | P38: 241000000 | Q38: ######## | R38: ######## | S38: ######## | T38: 2728 | U38: 248 | V38: 2728 | W38: 2728 | X38: Zonal | Y38: Direct | Z38: Surface | AA38: FTL | AB38: 2 Way | AC38: Centralhub_L_YKBX1 | AD38: SAT/MRD | AE38: CTL/YKBX1-SAT/MRD-CTL/MRD-CTL/DEL8 | AF38: CTL/YKBX1-SAT/MRD-CTL/MRD-CTL/DEL8 | AG38: Fixed | AH38: Fixed | AI38: 655 | AJ38: 21.5 | AK38: 14082.5 | AN38: 21.5 | AO38: MH-DH | AW38: FM Pickup | AX38: 14082.5 | BC38: ok | BF38: CTL/YKBX1-SAT/MNR-SAT/BIJNOR-CTL/BIJNOR-CTL/YKBX1 | BG38: ok | BH38: 2 | BI38: 21930
A39: 45810 | B39: Centralhub_L_YKBX1 | C39: 45810 | D39: 45810 | E39: Outbound | F39: FLZRP00109256280 | H39: Haryana Express | I39: HR55AL4152 | J39: Regular | K39: Regular | L39: 22 | M39: 22 | N39: CNG | O39: 24 | P39: 241422011, 241479405 | Q39: ######## | R39: ######## | S39: ######## | T39: 2046 | U39: 186 | V39: 2046 | W39: 2046 | X39: Zonal | Y39: Direct | Z39: Surface | AA39: FTL | AB39: 2 Way | AC39: Centralhub_L_YKBX1 | AD39: SAT/MEER | AE39: CTL/YKBX1-SAT/MEER-CTL/DEL8 | AF39: CTL/YKBX1-SAT/MEER-CTL/DEL8 | AG39: Fixed | AH39: Fixed | AI39: 396 | AJ39: 21.5 | AK39: 8514 | AN39: 21.5 | AO39: MH-DH | AW39: FM Pickup | AX39: 8514 | BC39: ok | BF39: CTL/YKBX1-SAT/MNR-SAT/BIJNOR-CTL/YKBX1 | BG39: ok | BH39: 5 | BI39: 54825
A40: 45810 | B40: Centralhub_L_YKBX1 | C40: 45810 | D40: 45810 | E40: Outbound | F40: FLZRP00109258534 | H40: Haryana Express | I40: HR55AJ8857 | J40: Regular | K40: Regular | L40: 22 | M40: 22 | N40: CNG | O40: 24 | P40: 241480581, 241490081 | Q40: ######## | R40: ######## | S40: ######## | T40: 682 | U40: 62 | V40: 682 | W40: 682 | X40: Zonal | Y40: Direct | Z40: Surface | AA40: FTL | AB40: 2 Way | AC40: Centralhub_L_YKBX1 | AD40: SAT/MNR | AE40: CTL/YKBX1-SAT/MNR--CTL/YKBX1 | AF40: CTL/YKBX1-SAT/MNR--CTL/YKBX1 | AG40: Fixed | AH40: Fixed | AI40: 505 | AJ40: 21.5 | AK40: 10857.5 | AN40: 21.5 | AO40: MH-DH | AW40: FM Pickup | AX40: 10857.5 | BC40: ok | BF40: CTL/YKBX1-SAT/MRD-CTL/MRD-CTL/DEL8 | BG40: ok | BH40: 26 | BI40: 370075
A41: 45810 | B41: Centralhub_L_YKBX1 | C41: 45810 | D41: 45810 | E41: Outbound | F41: FLZRP00109247969 | H41: Haryana Express | I41: HR55AR6635 | J41: Regular | K41: Regular | L41: 22 | M41: 22 | N41: CNG | O41: 24 | P41: 241436841, 241489650 | Q41: ######## | R41: ######## | S41: ######## | T41: 1463 | U41: 133 | V41: 1463 | W41: 1463 | X41: Zonal | Y41: Direct | Z41: Surface | AA41: FTL | AB41: 2 Way | AC41: Centralhub_L_YKBX1 | AD41: SAT/BIJNOR | AE41: CTL/YKBX1-SAT/BIJNOR-CTL/BIJNOR-CTL/YKBX1 | AF41: CTL/YKBX1-SAT/BIJNOR-CTL/BIJNOR-CTL/YKBX1 | AG41: Fixed | AH41: Fixed | AI41: 510 | AJ41: 21.5 | AK41: 10965 | AN41: 21.5 | AO41: MH-DH | AW41: FM Pickup | AX41: 10965 | BC41: ok | BF41: CTL/YKBX1-SAT/MRD-SAT/BARE | BG41: ok | BH41: 4 | BI41: 75670
A42: 45811 | B42: Centralhub_L_YKBX1 | C42: 45811 | D42: 45811 | E42: Outbound | F42: FLZRP00109278581 | H42: HARI CARGO | I42: UP32PN6579 | J42: Regular | K42: Regular | L42: 22 | M42: 22 | N42: CNG | O42: 24 | P42: 241568413, 241572189, 241577827, 241611918 | Q42: ######## | R42: ######## | S42: ######## | T42: 2948 | U42: 268 | V42: 2948 | W42: 2948 | X42: Zonal | Y42: Direct | Z42: Surface | AA42: FTL | AB42: 2 Way | AC42: Centralhub_L_YKBX1 | AD42: SAT/DDN-SAT/DDNH | AE42: CTL/YKBX1-SAT/DDN-CLT/DDN1-SAT/DDNH-CTL/DEL8 | AF42: CTL/YKBX1-SAT/DDN-CLT/DDN1-SAT/DDNH-CTL/DEL8 | AG42: Fixed | AH42: Fixed | AI42: 735 | AJ42: 21.5 | AK42: 15802.5 | AN42: 21.5 | AO42: MH-DH | AW42: FM Pickup | AX42: 15802.5 | BC42: ok | BF42: CTL/YKBX1-SAT/MRD-SAT/BARE-CTL/BAREIL-CTL/DEL8 | BG42: ok | BH42: 19 | BI42: 356212.5
A43: 45811 | B43: Centralhub_L_YKBX1 | C43: 45811 | D43: 45811 | E43: Outbound | F43: FLZRP00109278606 | H43: Haryana Express | I43: HR55AL1283 | J43: Regular | K43: Regular | L43: 22 | M43: 22 | N43: CNG | O43: 24 | P43: 241595746, 241567809, 241618596 | Q43: ######## | R43: ######## | S43: 203 | T43: 2233 | U43: 203 | V43: 2233 | W43: 2233 | X43: Zonal | Y43: Direct | Z43: Surface | AA43: FTL | AB43: 2 Way | AC43: Centralhub_L_YKBX1 | AD43: SAT/JHUN-SAT/SIKAR | AE43: CTL/YKBX1-SAT/JHUN-SAT/SIKAR-CTL/SIKA-CTL/YKBX1 | AF43: CTL/YKBX1-SAT/JHUN-SAT/SIKAR-CTL/SIKA-CTL/YKBX1 | AG43: Fixed | AH43: Fixed | AI43: 650 | AJ43: 21.5 | AK43: 13975 | AN43: 21.5 | AO43: MH-DH | AW43: FM Pickup | AX43: 13975 | BC43: ok | BF43: CTL/YKBX1-SAT/MZN-CTL/MZN-SAT/SHAM-CTL/YKBX1 | BG43: ok | BH43: 2 | BI43: 18920
A44: 45811 | B44: Centralhub_L_YKBX1 | C44: 45811 | D44: 45811 | E44: Outbound | F44: FLZRP00109278748 | H44: Haryana Express | I44: HR55AU8177 | J44: Regular | K44: Regular | L44: 22 | M44: 22 | N44: CNG | O44: 24 | P44: 242000000 | Q44: ######## | R44: ######## | S44: 242 | T44: 2662 | U44: 242 | V44: 2662 | W44: 2662 | X44: Zonal | Y44: Direct | Z44: Surface | AA44: FTL | AB44: 2 Way | AC44: Centralhub_L_YKBX1 | AD44: SAT/HWRF1 | AE44: CTL/YKBX1-SAT/HWRF1-CTL/HWRF1-CTL/DEL8 | AF44: CTL/YKBX1-SAT/HWRF1-CTL/HWRF1-CTL/DEL8 | AG44: Fixed | AH44: Fixed | AI44: 655 | AJ44: 21.5 | AK44: 14082.5 | AN44: 21.5 | AO44: MH-DH | AW44: FM Pickup | AX44: 14082.5 | BC44: ok | BF44: CTL/YKBX1-SAT/PANI-CTL/PANIPA-MP/PANIPA-CTL/DEL8 | BG44: ok | BH44: 23 | BI44: 169617.5
A45: 45811 | B45: Centralhub_L_YKBX1 | C45: 45811 | D45: 45811 | E45: Outbound | F45: FLZRP00109278760 | H45: M M LOGISTICS | I45: DL01MB0183 | J45: Regular | K45: Regular | L45: 28 | M45: 28 | N45: CNG | O45: 24 | P45: 241568795, 241588702 | Q45: ######## | R45: ######## | S45: ######## | T45: 4664 | U45: 424 | V45: 4664 | W45: 4664 | X45: Zonal | Y45: Direct | Z45: Surface | AA45: FTL | AB45: 2 Way | AC45: Centralhub_L_YKBX1 | AD45: SAT/SAHA | AE45: CTL/YKBX1-SAT/SAHA-CTL/SAHA-CTL/DEL8 | AF45: CTL/YKBX1-SAT/SAHA-CTL/SAHA-CTL/DEL8 | AG45: Fixed | AH45: Fixed | AI45: 570 | AJ45: 23.5 | AK45: 13395 | AN45: 23.5 | AO45: MH-DH | AW45: FM Pickup | AX45: 13395 | BC45: ok
A46: 45811 | B46: Centralhub_L_YKBX1 | C46: 45811 | D46: 45811 | E46: Outbound | F46: FLZRP00109297718 | H46: HARI CARGO | I46: UP32PN6580 | J46: Adhoc | K46: Regular | L46: 22 | M46: 22 | N46: CNG | O46: 24 | P46: 241610373,241617347, 241625037, 241636782 | Q46: ######## | R46: ######## | S46: ######## | T46: 3124 | U46: 284 | V46: 3124 | W46: 3124 | X46: Zonal | Y46: Direct | Z46: Surface | AA46: FTL | AB46: 2 Way | AC46: Centralhub_L_YKBX1 | AD46: SAT/SAHA-SAT/HWRF1 | AE46: CTL/YKBX1-SAT/SAHA-SAT/HWRF1 | AF46: CTL/YKBX1-SAT/SAHA-SAT/HWRF1 | AG46: Fixed | AH46: Fixed | AI46: 655 | AJ46: 23.5 | AK46: 15392.5 | AN46: 23.5 | AO46: MH-DH | AW46: FM Pickup | AX46: 15392.5 | BC46: ok | BF46: CTL/YKBX1-SAT/RUDRAPUR-CTL/DEL8 | BG46: ok | BH46: 18 | BI46: 153655
A47: 45811 | B47: Centralhub_L_YKBX1 | C47: 45811 | D47: 45811 | E47: Outbound | F47: FLZRP00109135564 | H47: RAHUL CARGO | I47: HR47E2800 | J47: Regular | K47: Regular | L47: 22 | M47: 22 | N47: CNG | O47: 24 | P47: 241639838, 241651152, 241665723 | Q47: ######## | R47: ######## | S47: ######## | T47: 2420 | U47: 220 | V47: 2420 | W47: 2420 | X47: Zonal | Y47: Direct | Z47: Surface | AA47: FTL | AB47: 2 Way | AC47: Centralhub_L_YKBX1 | AD47: SAT/ALGR | AE47: .CTL/YKBX1-SAT/ALGR-CTL/ALGR-CTL/DEL8 | AF47: .CTL/YKBX1-SAT/ALGR-CTL/ALGR-CTL/DEL8 | AG47: Fixed | AH47: Fixed | AI47: 380 | AJ47: 21.5 | AK47: 8170 | AN47: 21.5 | AO47: MH-DH | AW47: FM Pickup | AX47: 8170 | BC47: ok | BF47: CTL/YKBX1-SAT/RUDRAPUR-CTL/RUDRAPUR-CTL/DEL8 | BG47: ok | BH47: 6 | BI47: 50955
A48: 45811 | B48: Centralhub_L_YKBX1 | C48: 45811 | D48: 45811 | E48: Outbound | F48: FLZRP00109311958 | H48: NARENDRA TRANSPORT | I48: DL01MB2851 | J48: Regular | K48: Regular | L48: 22 | M48: 22 | N48: CNG | O48: 24 | P48: 241667551, 241669334, 241669915, 241677852 | Q48: ######## | R48: ######## | S48: ######## | T48: 726 | U48: 66 | V48: 726 | W48: 726 | X48: Zonal | Y48: Direct | Z48: Surface | AA48: FTL | AB48: 2 Way | AC48: Centralhub_L_YKBX1 | AD48: SAT/AGR1 | AE48: CTL/YKBX1-CTL/FRN-SAT/AGR1-CTL/AGR1-CTL/DEL8 | AF48: CTL/YKBX1-CTL/FRN-SAT/AGR1-CTL/AGR1-CTL/DEL8 | AG48: Fixed | AH48: Fixed | AI48: 600 | AJ48: 21.5 | AK48: 12900 | AN48: 21.5 | AO48: MH-DH | AW48: FM Pickup | AX48: 12900 | BC48: ok | BF48: CTL/YKBX1-SAT/SAHA-CTL/SAHA-CTL/DEL8 | BG48: ok | BH48: 25 | BI48: 334875
A49: 45811 | B49: Centralhub_L_YKBX1 | C49: 45811 | D49: 45811 | E49: Outbound | F49: FLZRP00109278899 | H49: Chirag Road Line | I49: HR38AC7298 | J49: Regular | K49: Regular | L49: 22 | M49: 22 | N49: CNG | O49: 24 | P49: 242000000 | Q49: ######## | R49: ######## | S49: ######## | T49: 2013 | U49: 183 | V49: 2013 | W49: 2013 | X49: Zonal | Y49: Direct | Z49: Surface | AA49: FTL | AB49: 2 Way | AC49: Centralhub_L_YKBX1 | AD49: SAT/RUDRAPUR | AE49: CTL/YKBX1-SAT/RUDRAPUR-CTL/RUDRAPUR-CTL/DEL8 | AF49: CTL/YKBX1-SAT/RUDRAPUR-CTL/DEL8 | AG49: Fixed | AH49: Fixed | AI49: 790 | AJ49: 21.5 | AK49: 16985 | AN49: 21.5 | AO49: MH-DH | AS49: 0.5 | AT49: 8492.5 | AU49: CL | AV49: CentralHub_RUDRAPUR | AW49: FM Pickup | AX49: 8492.5 | BA49: 8492.5 | BC49: ok | BF49: CTL/YKBX1-SAT/SAHA-SAT/HWRF1 | BG49: ok | BH49: 5 | BI49: 76962.5
A50: 45811 | B50: Centralhub_L_YKBX1 | C50: 45811 | D50: 45811 | E50: Outbound | F50: FLZRP00109278929 | H50: Chirag Road Line | I50: DL01MA7241 | J50: Regular | K50: Regular | L50: 22 | M50: 22 | N50: CNG | O50: 24 | P50: 242000000 | Q50: ######## | R50: ######## | S50: ######## | T50: 1815 | U50: 165 | V50: 1815 | W50: 1815 | X50: Zonal | Y50: Direct | Z50: Surface | AA50: FTL | AB50: 2 Way | AC50: Centralhub_L_YKBX1 | AD50: SAT/HLW1 | AE50: CTL/YKBX1-SAT/HLW1-CTL/HLW1-CTL/YKBX1 | AF50: CTL/YKBX1-SAT/HLW1-CTL/HLW1-CTL/YKBX1 | AG50: Fixed | AH50: Fixed | AI50: 815 | AJ50: 21.5 | AK50: 17522.5 | AN50: 21.5 | AO50: MH-DH | AW50: FM Pickup | AX50: 17522.5 | BC50: ok | BF50: CTL/YKBX1-SAT/SHAM-CTL/SHAM-CTL/YKBX1 | BG50: ok | BH50: 2 | BI50: 14190
A51: 45811 | B51: Centralhub_L_YKBX1 | C51: 45811 | D51: 45811 | E51: Outbound | F51: FLZRP00109278952 | H51: NARENDRA TRANSPORT | I51: DL01MB4009 | J51: Regular | K51: Regular | L51: 22 | M51: 22 | N51: CNG | O51: 24 | P51: 241573624, 241619786 | Q51: ######## | R51: ######## | S51: ######## | T51: 1639 | U51: 149 | V51: 1639 | W51: 1639 | X51: Zonal | Y51: Direct | Z51: Surface | AA51: FTL | AB51: 2 Way | AC51: Centralhub_L_YKBX1 | AD51: SAT/AGR1 | AE51: CTL/YKBX1-CTL/FRN-SAT/AGR1-CTL/AGR1-CTL/DEL8 | AF51: CTL/YKBX1-CTL/FRN-SAT/AGR1-CTL/AGR1-CTL/DEL8 | AG51: Fixed | AH51: Fixed | AI51: 600 | AJ51: 21.5 | AK51: 12900 | AN51: 21.5 | AO51: MH-DH | AW51: FM Pickup | AX51: 12900 | BC51: ok | BF51: CTL/YKBX1-SAT/SHAM-CTL/YKBX1 | BG51: ok | BH51: 10 | BI51: 74910
A52: 45811 | B52: Centralhub_L_YKBX1 | C52: 45811 | D52: 45811 | E52: Outbound | F52: FLZRP00109281817 | H52: M M LOGISTICS | I52: DL01MA7110 | J52: Regular | K52: Regular | L52: 22 | M52: 22 | N52: CNG | O52: 24 | P52: 241624508, 241630941, 241668431 | Q52: ######## | R52: ######## | S52: ######## | T52: 2618 | U52: 238 | V52: 2618 | W52: 2618 | X52: Zonal | Y52: Direct | Z52: Surface | AA52: FTL | AB52: 2 Way | AC52: Centralhub_L_YKBX1 | AD52: SAT/FTH | AE52: CTL/YKBX1-SAT/FTH-CTL/FTH-CTL/DEL8 | AF52: CTL/YKBX1-SAT/FTH-CTL/FTH-CTL/DEL8 | AG52: Fixed | AH52: Fixed | AI52: 510 | AJ52: 21.5 | AK52: 10965 | AN52: 21.5 | AO52: MH-DH | AW52: FM Pickup | AX52: 10965 | BC52: ok | BF52: CTL/YKBX1-CTL/DEL8-CTL/LKO3 | BH52: 2 | BI52: 67189.5
A53: 45811 | B53: Centralhub_L_YKBX1 | C53: 45811 | D53: 45811 | E53: Outbound | F53: FLZRP00109308285 | H53: NITIN TRANSPORT COMPANY | I53: HR55AH3720 | J53: Regular | K53: Regular | L53: 32 | M53: 32 | N53: Diesel | O53: 24 | P53: 241655875, 241681268 | Q53: ######## | R53: ######## | S53: ######## | T53: 2046 | U53: 186 | V53: 2046 | W53: 2046 | X53: Zonal | Y53: Direct | Z53: Surface | AA53: FTL | AB53: 2 Way | AC53: Centralhub_L_YKBX1 | AD53: SAT/ALWA | AE53: CTL/YKBX1-CTL/FRN-SAT/ALWA-CTL/ALWA-CTL/DEL8 | AF53: CTL/YKBX1-CTL/FRN-SAT/ALWA-CTL/ALWA-CTL/DEL8 | AG53: Fixed | AH53: Fixed | AI53: 325 | AJ53: 28.4 | AK53: 9213.75 | AN53: 28.35 | AO53: MH-DH | AW53: FM Pickup | AX53: 9213.75 | BC53: ok
A54: 45811 | B54: Centralhub_L_YKBX1 | C54: 45811 | D54: 45811 | E54: Outbound | F54: FLZRP00109303737 | H54: NARENDRA TRANSPORT | I54: DL01MA7797 | J54: Regular | K54: Regular | L54: 22 | M54: 22 | N54: CNG | O54: 24 | P54: 241656084, 241683649 | Q54: ######## | R54: ######## | S54: ######## | T54: 2376 | U54: 216 | V54: 2376 | W54: 2376 | X54: Zonal | Y54: Direct | Z54: Surface | AA54: FTL | AB54: 2 Way | AC54: Centralhub_L_YKBX1 | AD54: SAT/BULAND | AE54: CTL/YKBX1-SAT/BULAND-CTL/DEL8 | AF54: CTL/YKBX1-SAT/BULAND | AG54: Fixed | AH54: Fixed | AI54: 440 | AJ54: 21.5 | AK54: 9460 | AN54: 21.5 | AO54: MH-DH | AW54: FM Pickup | AX54: 9460 | BC54: ok | BF54: CTL/YKBX1-CTL/FPT | BH54: 59 | BI54: 1568368
A55: 45811 | B55: Centralhub_L_YKBX1 | C55: 45811 | D55: 45811 | E55: Outbound | F55: FLZRP00109306616 | H55: Haryana Express | I55: HR55AW0740 | J55: Regular | K55: Regular | L55: 22 | M55: 22 | N55: CNG | O55: 24 | P55: ######## | Q55: ######## | R55: ######## | S55: ######## | T55: 2618 | U55: 238 | V55: 2618 | W55: 2618 | X55: Zonal | Y55: Direct | Z55: Surface | AA55: FTL | AB55: 2 Way | AC55: Centralhub_L_YKBX1 | AD55: SAT/MZN-SAT/SHAM | AE55: CTL/YKBX1-SAT/MZN-CTL/MZN-SAT/SHAM-CTL/YKBX1 | AF55: CTL/YKBX1-SAT/MZN-CTL/MZN-SAT/SHAM-CTL/YKBX1 | AG55: Fixed | AH55: Fixed | AI55: 440 | AJ55: 21.5 | AK55: 9460 | AN55: 21.5 | AO55: MH-DH | AW55: FM Pickup | AX55: 9460 | BC55: ok | BF55: CTL/YKBX1-CTL/FRN-SAT/JAI-SAT/JAIV-CTL/DEL8 | BH55: 5 | BI55: 80797.5
A56: 45811 | B56: Centralhub_L_YKBX1 | C56: 45811 | D56: 45811 | E56: Outbound | F56: FLZRP00109282668 | H56: NARENDRA TRANSPORT | I56: DL01MB4098 | J56: Adhoc | K56: Adhoc | L56: 22 | M56: 22 | N56: CNG | O56: 24 | P56: 241660613, 241669650,241577284, 241669623 | Q56: ######## | R56: ######## | S56: ######## | T56: 2420 | U56: 220 | V56: 2420 | W56: 2420 | X56: Zonal | Y56: Direct | Z56: Surface | AA56: FTL | AB56: 2 Way | AC56: Centralhub_L_YKBX1 | AD56: SAT/MRD-SAT/BARE | AE56: CTL/YKBX1-SAT/MRD-SAT/BARE-CTL/BAREIL-CTL/DEL8 | AF56: CTL/YKBX1-SAT/MRD-SAT/BARE-CTL/BAREIL-CTL/DEL8 | AG56: Fixed | AH56: Fixed | AI56: 805 | AJ56: 23.5 | AK56: 18917.5 | AN56: 23.5 | AO56: MH-DH | AW56: FM Pickup | AX56: 18917.5 | BC56: ok | BF56: CTL/YKBX1-CTL/LKO3 | BH56: 33 | BI56: 1112952
A57: 45811 | B57: Centralhub_L_YKBX1 | C57: 45811 | D57: 45811 | E57: Outbound | F57: FLZRP00109297167 | H57: NARENDRA TRANSPORT | I57: DL01MB1978 | J57: Regular | K57: Regular | L57: 22 | M57: 22 | N57: CNG | O57: 24 | P57: 241659884, 241702360 | Q57: ######## | R57: ######## | S57: ######## | T57: 1738 | U57: 158 | V57: 1738 | W57: 1738 | X57: Zonal | Y57: Direct | Z57: Surface | AA57: FTL | AB57: 2 Way | AC57: Centralhub_L_YKBX1 | AD57: SAT/BARE | AE57: CTL/YKBX1-SAT/BARE-CTL/BAREIL-CTL/DEL8 | AF57: CTL/YKBX1-SAT/BARE-CTL/BAREIL-CTL/DEL8 | AG57: Fixed | AH57: Fixed | AI57: 800 | AJ57: 21.5 | AK57: 17200 | AN57: 21.5 | AO57: MH-DH | AW57: FM Pickup | AX57: 17200 | BC57: ok | BF57: CTL/YKBX1-DEL/YKB-LUH/LUH-CTL/FPT | BH57: 16 | BI57: 239849.3
A58: 45811 | B58: Centralhub_L_YKBX1 | C58: 45811 | D58: 45811 | E58: Outbound | F58: FLZRP00109308451 | H58: NITIN TRANSPORT COMPANY | I58: HR69C4288 | J58: Regular | K58: Regular | L58: 32 | M58: 32 | N58: Diesel | O58: 24 | P58: 241656272, 241661195, 241694413 | Q58: ######## | R58: ######## | S58: ######## | T58: 3476 | U58: 316 | V58: 3476 | W58: 3476 | X58: Zonal | Y58: Direct | Z58: Surface | AA58: FTL | AB58: 2 Way | AC58: Centralhub_L_YKBX1 | AD58: SAT/PANI | AE58: CTL/YKBX1-SAT/PANI-CTL/PANIPA-MP/PANIPA-CTL/DEL8 | AF58: CTL/YKBX1-SAT/PANI-CTL/PANIPA-MP/PANIPA-CTL/DEL8 | AG58: Fixed | AH58: Fixed | AI58: 325 | AJ58: 28.4 | AK58: 9213.75 | AN58: 28.35 | AO58: MH-DH | AW58: FM Pickup | AX58: 9213.75 | BC58: ok
A59: 45811 | B59: Centralhub_L_YKBX1 | C59: 45811 | D59: 45811 | E59: Outbound | F59: FLZRP00109315700 | H59: NITIN TRANSPORT COMPANY | I59: HR55W2559 | J59: Regular | K59: Regular | L59: 32 | M59: 32 | N59: Diesel | O59: 24 | P59: 241691388, 241713635, 241722136 | Q59: ######## | R59: ######## | S59: ######## | T59: 2607 | U59: 237 | V59: 2607 | W59: 2607 | X59: Zonal | Y59: Direct | Z59: Surface | AA59: FTL | AB59: 2 Way | AC59: Centralhub_L_YKBX1 | AD59: SAT/KNL1 | AE59: CTL/YKBX1-SAT/KNL1-CTL/DEL8 | AF59: CTL/YKBX1-SAT/KNL1-CTL/DEL8 | AG59: Fixed | AH59: Fixed | AI59: 475 | AJ59: 28.35 | AK59: 13466.25 | AN59: 28.35 | AO59: MH-DH | AW59: FM Pickup | AX59: 13466.25 | BC59: ok
A60: 45811 | B60: Centralhub_L_YKBX1 | C60: 45811 | D60: 45811 | E60: Outbound | F60: FLZRP00109308063 | H60: M M LOGISTICS | I60: DL01MB0790 | J60: Regular | K60: Regular | L60: 22 | M60: 22 | N60: CNG | O60: 24 | P60: 241654675, 241700991,241683587 | Q60: ######## | R60: ######## | S60: ######## | T60: 3443 | U60: 313 | V60: 3443 | W60: 3443 | X60: Zonal | Y60: Direct | Z60: Surface | AA60: FTL | AB60: 2 Way | AC60: Centralhub_L_YKBX1 | AD60: SAT/MRD | AE60: CTL/YKBX1-SAT/MRD-CTL/MRD-CTL/DEL8 | AF60: CTL/YKBX1-SAT/MRD-CTL/MRD-CTL/DEL8 | AG60: Fixed | AH60: Fixed | AI60: 655 | AJ60: 21.5 | AK60: 14082.5 | AN60: 21.5 | AO60: MH-DH | AW60: FM Pickup | AX60: 14082.5 | BC60: ok | BF60: CTL/YKBX1-SAT/JAI | BH60: 4 | BI60: 63504
A61: 45811 | B61: Centralhub_L_YKBX1 | C61: 45811 | D61: 45811 | E61: Outbound | F61: FLZRP00109319458 | H61: RAHUL CARGO | I61: NL01AE5622 | J61: Adhoc | K61: Adhoc | L61: 22 | M61: 22 | N61: CNG | O61: 24 | P61: 241724481, 241736926 | Q61: ######## | R61: ######## | S61: ######## | T61: 825 | U61: 75 | V61: 825 | W61: 825 | X61: Zonal | Y61: Direct | Z61: Surface | AA61: FTL | AB61: 2 Way | AC61: Centralhub_L_YKBX1 | AD61: SAT/MRD | AE61: CTL/YKBX1-SAT/MRD-CTL/MRD-CTL/DEL8 | AF61: CTL/YKBX1-SAT/MRD-CTL/MRD-CTL/DEL8 | AG61: Fixed | AH61: Fixed | AI61: 655 | AJ61: 23.5 | AK61: 15392.5 | AN61: 23.5 | AO61: MH-DH | AW61: FM Pickup | AX61: 15392.5 | BC61: ok | BF61: CTL/YKBX1-SAT/JAI-CTL/DEL8 | BH61: 30 | BI61: 482664
A62: 45811 | B62: Centralhub_L_YKBX1 | C62: 45811 | D62: 45811 | E62: Outbound | F62: FLZRP00109315864 | H62: Haryana Express | I62: HR55AL4152 | J62: Regular | K62: Regular | L62: 22 | M62: 22 | N62: CNG | O62: 24 | P62: 241730964, 241757081 | Q62: ######## | R62: ######## | S62: ######## | T62: 1716 | U62: 156 | V62: 1716 | W62: 1716 | X62: Zonal | Y62: Direct | Z62: Surface | AA62: FTL | AB62: 2 Way | AC62: Centralhub_L_YKBX1 | AD62: SAT/MEER | AE62: CTL/YKBX1-SAT/MEER-CTL/DEL8 | AF62: CTL/YKBX1-SAT/MEER-CTL/DEL8 | AG62: Fixed | AH62: Fixed | AI62: 396 | AJ62: 21.5 | AK62: 8514 | AN62: 21.5 | AO62: MH-DH | AW62: FM Pickup | AX62: 8514 | BC62: ok | BF62: CTL/YKBX1-SAT/JAI-MP/JAIFM-CTL/DEL8 | BH62: 11 | BI62: 176680
A63: 45811 | B63: Centralhub_L_YKBX1 | C63: 45811 | D63: 45811 | E63: Outbound | F63: FLZRP00109317733 | H63: Haryana Express | I63: HR55AJ8857 | J63: Regular | K63: Regular | L63: 22 | M63: 22 | N63: CNG | O63: 24 | P63: 241734061, 241752302, 241769351 | Q63: ######## | R63: ######## | S63: ######## | T63: 1815 | U63: 165 | V63: 1815 | W63: 1815 | X63: Zonal | Y63: Direct | Z63: Surface | AA63: FTL | AB63: 2 Way | AC63: Centralhub_L_YKBX1 | AD63: SAT/MNR | AE63: CTL/YKBX1-SAT/MNR-CTL/YKBX1 | AF63: CTL/YKBX1-SAT/MNR-CTL/YKBX1 | AG63: Fixed | AH63: Fixed | AI63: 330 | AJ63: 21.5 | AK63: 7095 | AN63: 21.5 | AO63: MH-DH | AW63: FM Pickup | AX63: 7095 | BC63: ok
A64: 45812 | B64: Centralhub_L_YKBX1 | C64: 45812 | D64: 45812 | E64: Outbound | F64: FLZRP00109327755 | H64: HARI CARGO | I64: UP32PN6581 | J64: Regular | K64: Regular | L64: 22 | M64: 22 | N64: CNG | O64: 24 | P64: 241860473, 241896596,241851319 | Q64: ######## | R64: ######## | S64: ######## | T64: 3432 | U64: 312 | V64: 3432 | W64: 3432 | X64: Zonal | Y64: Direct | Z64: Surface | AA64: FTL | AB64: 2 Way | AC64: Centralhub_L_YKBX1 | AD64: SAT/DDN-SAT/DDNH | AE64: CTL/YKBX1-SAT/DDN-CLT/DDN1-SAT/DDNH-CTL/DEL8 | AF64: CTL/YKBX1-SAT/DDN-CLT/DDN1-SAT/DDNH-CTL/DEL8 | AG64: Fixed | AH64: Fixed | AI64: 735 | AJ64: 21.5 | AK64: 15802.5 | AN64: 21.5 | AO64: MH-DH | AW64: FM Pickup | AX64: 15802.5 | BC64: ok
A65: 45812 | B65: Centralhub_L_YKBX1 | C65: 45812 | D65: 45812 | E65: Outbound | F65: FLZRP00109327779 | H65: Haryana Express | I65: HR55AL1938 | J65: Regular | K65: Regular | L65: 22 | M65: 22 | N65: CNG | O65: 24 | P65: 241859147, 241903070,241849903 | Q65: ######## | R65: ######## | S65: ######## | T65: 2552 | U65: 232 | V65: 2552 | W65: 2552 | X65: Zonal | Y65: Direct | Z65: Surface | AA65: FTL | AB65: 2 Way | AC65: Centralhub_L_YKBX1 | AD65: SAT/JHUN-SAT/SIKAR | AE65: CTL/YKBX1-SAT/JHUN-SAT/SIKAR-CTL/SIKA-CTL/YKBX1 | AF65: CTL/YKBX1-SAT/JHUN-SAT/SIKAR-CTL/SIKA-CTL/YKBX1 | AG65: Fixed | AH65: Fixed | AI65: 650 | AJ65: 21.5 | AK65: 13975 | AN65: 21.5 | AO65: MH-DH | AW65: FM Pickup | AX65: 13975 | BC65: ok
A66: 45812 | B66: Centralhub_L_YKBX1 | C66: 45812 | D66: 45812 | E66: Outbound | F66: FLZRP00109327803 | H66: Haryana Express | I66: HR55AS6970 | J66: Regular | K66: Regular | L66: 22 | M66: 22 | N66: CNG | O66: 24 | P66: 241852150, 241889936 | Q66: ######## | R66: ######## | S66: ######## | T66: 2783 | U66: 253 | V66: 2783 | W66: 2783 | X66: Zonal | Y66: Direct | Z66: Surface | AA66: FTL | AB66: 2 Way | AC66: Centralhub_L_YKBX1 | AD66: SAT/HWRF1 | AE66: CTL/YKBX1-SAT/HWRF1-CTL/HWRF1-CTL/DEL8 | AF66: CTL/YKBX1-SAT/HWRF1-CTL/HWRF1-CTL/DEL8 | AG66: Fixed | AH66: Fixed | AI66: 655 | AJ66: 21.5 | AK66: 14082.5 | AN66: 21.5 | AO66: MH-DH | AW66: FM Pickup | AX66: 14082.5 | BC66: ok
A67: 45812 | B67: Centralhub_L_YKBX1 | C67: 45812 | D67: 45812 | E67: Outbound | F67: FLZRP00109339261 | H67: HARI CARGO | I67: UP32PN5569 | J67: Adhoc | K67: Regular | L67: 22 | M67: 22 | N67: CNG | O67: 24 | P67: 241906759, 241917238, 241917478,241947182, 241952285, 241953911 | Q67: ######## | R67: ######## | S67: ######## | T67: 2409 | U67: 219 | V67: 2409 | W67: 2409 | X67: Zonal | Y67: Direct | Z67: Surface | AA67: FTL | AB67: 2 Way | AC67: Centralhub_L_YKBX1 | AD67: SAT/SAHA-SAT/HWRF1 | AE67: CTL/YKBX1-SAT/SAHA-SAT/HWRF1 | AF67: CTL/YKBX1-SAT/SAHA-SAT/HWRF1 | AG67: Fixed | AH67: Fixed | AI67: 655 | AJ67: 23.5 | AK67: 15392.5 | AN67: 23.5 | AO67: MH-DH | AW67: FM Pickup | AX67: 15392.5 | BC67: ok
A68: 45812 | B68: Centralhub_L_YKBX1 | C68: 45812 | D68: 45812 | E68: Outbound | F68: FLZRP00109327855 | H68: M M LOGISTICS | I68: DL01MB0281 | J68: Regular | K68: Regular | L68: 28 | M68: 28 | N68: CNG | O68: 24 | P68: 241849408, 241870298 | Q68: ######## | R68: ######## | S68: 554 | T68: 6094 | U68: 554 | V68: 6094 | W68: 6094 | X68: Zonal | Y68: Direct | Z68: Surface | AA68: FTL | AB68: 2 Way | AC68: Centralhub_L_YKBX1 | AD68: SAT/SAHA | AE68: CTL/YKBX1-SAT/SAHA-CTL/SAHA-CTL/DEL8 | AF68: CTL/YKBX1-SAT/SAHA-CTL/SAHA-CTL/DEL8 | AG68: Fixed | AH68: Fixed | AI68: 570 | AJ68: 23.5 | AK68: 13395 | AN68: 23.5 | AO68: MH-DH | AW68: FM Pickup | AX68: 13395 | BC68: ok
A69: 45812 | B69: Centralhub_L_YKBX1 | C69: 45812 | D69: 45812 | E69: Outbound | F69: FLZRP00109327886 | H69: RAHUL CARGO | I69: NL01AE5620 | J69: Regular | K69: Regular | L69: 22 | M69: 22 | N69: CNG | O69: 24 | P69: 241857104, 241893910 | Q69: ######## | R69: ######## | S69: 165 | T69: 1815 | U69: 165 | V69: 1815 | W69: 1815 | X69: Zonal | Y69: Direct | Z69: Surface | AA69: FTL | AB69: 2 Way | AC69: Centralhub_L_YKBX1 | AD69: SAT/ALGR | AE69: .CTL/YKBX1-SAT/ALGR-CTL/ALGR-CTL/DEL8 | AF69: .CTL/YKBX1-SAT/ALGR-CTL/ALGR-CTL/DEL8 | AG69: Fixed | AH69: Fixed | AI69: 380 | AJ69: 21.5 | AK69: 8170 | AN69: 21.5 | AO69: MH-DH | AW69: FM Pickup | AX69: 8170 | BC69: ok
A70: 45812 | B70: Centralhub_L_YKBX1 | C70: 45812 | D70: 45812 | E70: Outbound | F70: FLZRP00109340066 | H70: NARENDRA TRANSPORT | I70: DL01MB3355 | J70: Adhoc | K70: Regular | L70: 22 | M70: 22 | N70: CNG | O70: 24 | P70: 241917256, 241937615,241906060, 241937481 | Q70: ######## | R70: ######## | S70: 110 | T70: 1210 | U70: 110 | V70: 1210 | W70: 1210 | X70: Zonal | Y70: Direct | Z70: Surface | AA70: FTL | AB70: 2 Way | AC70: Centralhub_L_YKBX1 | AD70: SAT/ALGR-SAT/BUDAUN1 | AE70: CTL/YKBX1-SAT/ALGR-SAT/BUDAUN1 | AF70: CTL/YKBX1-SAT/ALGR-CTL/ALGR-SAT/BUDAUN1-CTL/DEL8 | AG70: Fixed | AH70: Fixed | AI70: 780 | AJ70: 23.5 | AK70: 18330 | AN70: 23.5 | AO70: MH-DH | AW70: FM Pickup | AX70: 18330 | BC70: ok
A71: 45812 | B71: Centralhub_L_YKBX1 | C71: 45812 | D71: 45812 | E71: Outbound | F71: FLZRP00109329495 | H71: M M LOGISTICS | I71: DL01MA5430 | J71: Regular | K71: Regular | L71: 22 | M71: 22 | N71: CNG | O71: 24 | P71: 241852063, 241898060 | Q71: ######## | R71: ######## | S71: 214 | T71: 2354 | U71: 214 | V71: 2354 | W71: 2354 | X71: Zonal | Y71: Direct | Z71: Surface | AA71: FTL | AB71: 2 Way | AC71: Centralhub_L_YKBX1 | AD71: SAT/BUDAUN1 | AE71: CTL/YKBX1-SAT/BUDAUN1 | AF71: CTL/YKBX1-SAT/BUDAUN1 | AG71: Fixed | AH71: Fixed | AI71: 770 | AJ71: 21.5 | AK71: 16555 | AN71: 21.5 | AO71: MH-DH | AW71: FM Pickup | AX71: 16555 | BC71: ok
A72: 45812 | B72: Centralhub_L_YKBX1 | C72: 45812 | D72: 45812 | E72: Outbound | F72: FLZRP00109327946 | H72: Chirag Road Line | I72: HR38AC0661 | J72: Regular | K72: Regular | L72: 22 | M72: 22 | N72: CNG | O72: 24 | P72: 241869514, 241938988 | Q72: FLZRP00109327946 | R72: FLZRP00109327946 | S72: 183 | T72: 2013 | U72: 183 | V72: 2013 | W72: 2013 | X72: Zonal | Y72: Direct | Z72: Surface | AA72: FTL | AB72: 2 Way | AC72: Centralhub_L_YKBX1 | AD72: SAT/RUDRAPUR | AE72: CTL/YKBX1-SAT/RUDRAPUR-CTL/RUDRAPUR-CTL/DEL8 | AF72: CTL/YKBX1-SAT/RUDRAPUR-CTL/DEL8 | AG72: Fixed | AH72: Fixed | AI72: 790 | AJ72: 21.5 | AK72: 16985 | AN72: 21.5 | AO72: MH-DH | AS72: 0.5 | AT72: 8492.5 | AU72: CL | AV72: CentralHub_RUDRAPUR | AW72: FM Pickup | AX72: 8492.5 | BA72: 8492.5 | BC72: ok
A73: 45812 | B73: Centralhub_L_YKBX1 | C73: 45812 | D73: 45812 | E73: Outbound | F73: FLZRP00109330130 | H73: Chirag Road Line | I73: HR38AC2491 | J73: Regular | K73: Regular | L73: 22 | M73: 22 | N73: CNG | O73: 24 | P73: 241877362, 241877892 | Q73: ######## | R73: ######## | S73: 200 | T73: 2200 | U73: 200 | V73: 2200 | W73: 2200 | X73: Zonal | Y73: Direct | Z73: Surface | AA73: FTL | AB73: 2 Way | AC73: Centralhub_L_YKBX1 | AD73: SAT/HLW1 | AE73: CTL/YKBX1-SAT/HLW1-CTL/HLW1-CTL/YKBX1 | AF73: CTL/YKBX1-SAT/HLW1-CTL/HLW1-CTL/YKBX1 | AG73: Fixed | AH73: Fixed | AI73: 815 | AJ73: 21.5 | AK73: 17522.5 | AN73: 21.5 | AO73: MH-DH | AW73: FM Pickup | AX73: 17522.5 | BC73: ok
A74: 45812 | B74: Centralhub_L_YKBX1 | C74: 45812 | D74: 45812 | E74: Outbound | F74: FLZRP00109327978 | H74: NARENDRA TRANSPORT | I74: DL01MB1904 | J74: Regular | K74: Regular | L74: 22 | M74: 22 | N74: CNG | O74: 24 | P74: 241872707, 241949548 | Q74: ######## | R74: ######## | S74: 209 | T74: 2299 | U74: 209 | V74: 2299 | W74: 2299 | X74: Zonal | Y74: Direct | Z74: Surface | AA74: FTL | AB74: 2 Way | AC74: Centralhub_L_YKBX1 | AD74: SAT/AGR1 | AE74: CTL/YKBX1-CTL/FRN-SAT/AGR1-CTL/AGR1-CTL/DEL8 | AF74: CTL/YKBX1-CTL/FRN-SAT/AGR1-CTL/AGR1-CTL/DEL8 | AG74: Fixed | AH74: Fixed | AI74: 600 | AJ74: 21.5 | AK74: 12900 | AN74: 21.5 | AO74: MH-DH | AW74: FM Pickup | AX74: 12900 | BC74: ok
A75: 45812 | B75: Centralhub_L_YKBX1 | C75: 45812 | D75: 45812 | E75: Outbound | F75: FLZRP00109329406 | H75: M M LOGISTICS | I75: DL01MA7110 | J75: Regular | K75: Regular | L75: 22 | M75: 22 | N75: CNG | O75: 24 | P75: 241895969, 241955802 | Q75: ######## | R75: ######## | S75: 269 | T75: 2959 | U75: 269 | V75: 2959 | W75: 2959 | X75: Zonal | Y75: Direct | Z75: Surface | AA75: FTL | AB75: 2 Way | AC75: Centralhub_L_YKBX1 | AD75: SAT/FTH | AE75: CTL/YKBX1-SAT/FTH-CTL/FTH-CTL/DEL8 | AF75: CTL/YKBX1-SAT/FTH-CTL/FTH-CTL/DEL8 | AG75: Fixed | AH75: Fixed | AI75: 510 | AJ75: 21.5 | AK75: 10965 | AN75: 21.5 | AO75: MH-DH | AW75: FM Pickup | AX75: 10965 | BC75: ok
A76: 45812 | B76: Centralhub_L_YKBX1 | C76: 45812 | D76: 45812 | E76: Outbound | F76: FLZRP00109353454 | H76: NITIN TRANSPORT COMPANY | I76: HR55AH3720 | J76: Regular | K76: Regular | L76: 32 | M76: 32 | N76: Diesel | O76: 24 | P76: 242000000 | Q76: ######## | R76: ######## | S76: 190 | T76: 2090 | U76: 190 | V76: 2090 | W76: 2090 | X76: Zonal | Y76: Direct | Z76: Surface | AA76: FTL | AB76: 2 Way | AC76: Centralhub_L_YKBX1 | AD76: SAT/ALWA | AE76: CTL/YKBX1-CTL/FRN-SAT/ALWA-CTL/ALWA-CTL/DEL8 | AF76: CTL/YKBX1-CTL/FRN-SAT/ALWA-CTL/ALWA-CTL/DEL8 | AG76: Fixed | AH76: Fixed | AI76: 325 | AJ76: 28.4 | AK76: 9213.75 | AN76: 28.35 | AO76: MH-DH | AW76: FM Pickup | AX76: 9213.75 | BC76: ok
A77: 45812 | B77: Centralhub_L_YKBX1 | C77: 45812 | D77: 45812 | E77: Outbound | F77: FLZRP00109345618 | H77: NARENDRA TRANSPORT | I77: DL01MA7788 | J77: Adhoc | K77: Adhoc | L77: 22 | M77: 22 | N77: CNG | O77: 24 | P77: 241916773,241906022, 241944998 | Q77: ######## | R77: ######## | S77: 166 | T77: 1826 | U77: 166 | V77: 1826 | W77: 1826 | X77: Zonal | Y77: Direct | Z77: Surface | AA77: FTL | AB77: 2 Way | AC77: Centralhub_L_YKBX1 | AD77: SAT/MRD-SAT/BARE | AE77: CTL/YKBX1-SAT/MRD-SAT/BARE-CTL/BAREIL-CTL/DEL8 | AF77: CTL/YKBX1-SAT/MRD-SAT/BARE-CTL/BAREIL-CTL/DEL8 | AG77: Fixed | AH77: Fixed | AI77: 805 | AJ77: 23.5 | AK77: 18917.5 | AN77: 23.5 | AO77: MH-DH | AW77: FM Pickup | AX77: 18917.5 | BC77: ok
A78: 45812 | B78: Centralhub_L_YKBX1 | C78: 45812 | D78: 45812 | E78: Outbound | F78: FLZRP00109354420 | H78: NARENDRA TRANSPORT | I78: DL01MA7797 | J78: Regular | K78: Regular | L78: 22 | M78: 22 | N78: CNG | O78: 24 | P78: 241971328, 241997832 | Q78: ######## | R78: ######## | S78: 169 | T78: 1859 | U78: 169 | V78: 1859 | W78: 1859 | X78: Zonal | Y78: Direct | Z78: Surface | AA78: FTL | AB78: 2 Way | AC78: Centralhub_L_YKBX1 | AD78: SAT/BARE | AE78: CTL/YKBX1-SAT/BARE-CTL/BAREIL-CTL/DEL8 | AF78: CTL/YKBX1-SAT/BARE-CTL/BAREIL-CTL/DEL8 | AG78: Fixed | AH78: Fixed | AI78: 800 | AJ78: 21.5 | AK78: 17200 | AN78: 21.5 | AO78: MH-DH | AW78: FM Pickup | AX78: 17200 | BC78: ok
A79: 45812 | B79: Centralhub_L_YKBX1 | C79: 45812 | D79: 45812 | E79: Outbound | F79: FLZRP00109308452 | H79: NITIN TRANSPORT COMPANY | I79: HR69C4288 | J79: Regular | K79: Regular | L79: 32 | M79: 32 | N79: Diesel | O79: 24 | P79: 241966857, 242000192, 242012065 | Q79: ######## | R79: ######## | S79: 305 | T79: 3355 | U79: 305 | V79: 3355 | W79: 3355 | X79: Zonal | Y79: Direct | Z79: Surface | AA79: FTL | AB79: 2 Way | AC79: Centralhub_L_YKBX1 | AD79: SAT/PANI | AE79: CTL/YKBX1-SAT/PANI-CTL/PANIPA-MP/PANIPA-CTL/DEL8 | AF79: CTL/YKBX1-SAT/PANI-CTL/PANIPA-MP/PANIPA-CTL/DEL8 | AG79: Fixed | AH79: Fixed | AI79: 325 | AJ79: 28.4 | AK79: 9213.75 | AN79: 28.35 | AO79: MH-DH | AW79: FM Pickup | AX79: 9213.75 | BC79: ok
A80: 45812 | B80: Centralhub_L_YKBX1 | C80: 45812 | D80: 45812 | E80: Outbound | F80: FLZRP00109358054 | H80: NITIN TRANSPORT COMPANY | I80: HR55W2559 | J80: Regular | K80: Regular | L80: 32 | M80: 32 | N80: Diesel | O80: 24 | P80: 242000000 | Q80: ######## | R80: ######## | S80: 226 | T80: 2486 | U80: 226 | V80: 2486 | W80: 2486 | X80: Zonal | Y80: Direct | Z80: Surface | AA80: FTL | AB80: 2 Way | AC80: Centralhub_L_YKBX1 | AD80: SAT/KNL1 | AE80: CTL/YKBX1-SAT/KNL1-CTL/DEL8 | AF80: CTL/YKBX1-SAT/KNL1-CTL/DEL8 | AG80: Fixed | AH80: Fixed | AI80: 475 | AJ80: 28.35 | AK80: 13466.25 | AN80: 28.35 | AO80: MH-DH | AW80: FM Pickup | AX80: 13466.25 | BC80: ok
A81: 45812 | B81: Centralhub_L_YKBX1 | C81: 45812 | D81: 45812 | E81: Outbound | F81: FLZRP00109353274 | H81: M M LOGISTICS | I81: DL01LAE7323 | J81: Regular | K81: Regular | L81: 22 | M81: 22 | N81: CNG | O81: 24 | P81: 241938662, 242019192 | Q81: ######## | R81: ######## | S81: 259 | T81: 2849 | U81: 259 | V81: 2849 | W81: 2849 | X81: Zonal | Y81: Direct | Z81: Surface | AA81: FTL | AB81: 2 Way | AC81: Centralhub_L_YKBX1 | AD81: SAT/MRD | AE81: CTL/YKBX1-SAT/MRD-CTL/MRD-CTL/DEL8 | AF81: CTL/YKBX1-SAT/MRD-CTL/MRD-CTL/DEL8 | AG81: Fixed | AH81: Fixed | AI81: 655 | AJ81: 21.5 | AK81: 14082.5 | AN81: 21.5 | AO81: MH-DH | AW81: FM Pickup | AX81: 14082.5 | BC81: ok
A82: 45812 | B82: Centralhub_L_YKBX1 | C82: 45812 | D82: 45812 | E82: Outbound | F82: FLZRP00109366264 | H82: Haryana Express | I82: HR55AL4152 | J82: Regular | K82: Regular | L82: 22 | M82: 22 | N82: CNG | O82: 24 | P82: 242000000 | Q82: ######## | R82: ######## | S82: 162 | T82: 1782 | U82: 162 | V82: 1782 | W82: 1782 | X82: Zonal | Y82: Direct | Z82: Surface | AA82: FTL | AB82: 2 Way | AC82: Centralhub_L_YKBX1 | AD82: SAT/MEER | AE82: CTL/YKBX1-SAT/MEER-CTL/DEL8 | AF82: CTL/YKBX1-SAT/MEER-CTL/DEL8 | AG82: Fixed | AH82: Fixed | AI82: 396 | AJ82: 21.5 | AK82: 8514 | AN82: 21.5 | AO82: MH-DH | AW82: FM Pickup | AX82: 8514 | BC82: ok
A83: 45812 | B83: Centralhub_L_YKBX1 | C83: 45812 | D83: 45812 | E83: Outbound | F83: FLZRP00109366469 | H83: Haryana Express | I83: HR55AR6635 | J83: Regular | K83: Regular | L83: 22 | M83: 22 | N83: CNG | O83: 24 | P83: 242000000 | Q83: ######## | R83: ######## | S83: 102 | T83: 1122 | U83: 102 | V83: 1122 | W83: 1122 | X83: Zonal | Y83: Direct | Z83: Surface | AA83: FTL | AB83: 2 Way | AC83: Centralhub_L_YKBX1 | AD83: SAT/MNR | AE83: CTL/YKBX1-SAT/MNR-CTL/YKBX1 | AF83: CTL/YKBX1-SAT/MNR-CTL/YKBX1 | AG83: Fixed | AH83: Fixed | AI83: 330 | AJ83: 21.5 | AK83: 7095 | AN83: 21.5 | AO83: MH-DH | AW83: FM Pickup | AX83: 7095 | BC83: ok
A84: 45812 | B84: Centralhub_L_YKBX1 | C84: 45812 | D84: 45812 | E84: Outbound | F84: FLZRP00109366569 | H84: Haryana Express | I84: HR55AL6289 | J84: Regular | K84: Regular | L84: 22 | M84: 22 | N84: CNG | O84: 24 | P84: 242000000 | Q84: ######## | R84: ######## | S84: 124 | T84: 1364 | U84: 124 | V84: 1364 | W84: 1364 | X84: Zonal | Y84: Direct | Z84: Surface | AA84: FTL | AB84: 2 Way | AC84: Centralhub_L_YKBX1 | AD84: SAT/BIJNOR | AE84: CTL/YKBX1-SAT/BIJNOR-CTL/BIJNOR-CTL/YKBX1 | AF84: CTL/YKBX1-SAT/BIJNOR-CTL/BIJNOR-CTL/YKBX1 | AG84: Fixed | AH84: Fixed | AI84: 510 | AJ84: 21.5 | AK84: 10965 | AN84: 21.5 | AO84: MH-DH | AW84: FM Pickup | AX84: 10965 | BC84: ok
A85: 45813 | B85: Centralhub_L_YKBX1 | C85: 45813 | D85: 45813 | E85: Outbound | F85: FLZRP00109377378 | H85: HARI CARGO | I85: UP32PN6579 | J85: Regular | K85: Regular | L85: 22 | M85: 22 | N85: CNG | O85: 24 | P85: 242150419, 242189319 ,242140586 | Q85: ######## | R85: ######## | S85: 299 | T85: 3289 | U85: 299 | V85: 3289 | W85: 3289 | X85: Zonal | Y85: Direct | Z85: Surface | AA85: FTL | AB85: 2 Way | AC85: Centralhub_L_YKBX1 | AD85: SAT/DDN-SAT/DDNH | AE85: CTL/YKBX1-SAT/DDN-CLT/DDN1-SAT/DDNH-CTL/DEL8 | AF85: CTL/YKBX1-SAT/DDN-CLT/DDN1-SAT/DDNH-CTL/DEL8 | AG85: Fixed | AH85: Fixed | AI85: 735 | AJ85: 21.5 | AK85: 15802.5 | AN85: 21.5 | AO85: MH-DH | AW85: FM Pickup | AX85: 15802.5 | BC85: ok
A86: 45813 | B86: Centralhub_L_YKBX1 | C86: 45813 | D86: 45813 | E86: Outbound | F86: FLZRP00109377461 | H86: Haryana Express | I86: HR55AL1283 | J86: Regular | K86: Regular | L86: 22 | M86: 22 | N86: CNG | O86: 24 | P86: 242139163, 242147643 ,242156390 | Q86: ######## | R86: ######## | S86: 206 | T86: 2266 | U86: 206 | V86: 2266 | W86: 2266 | X86: Zonal | Y86: Direct | Z86: Surface | AA86: FTL | AB86: 2 Way | AC86: Centralhub_L_YKBX1 | AD86: SAT/JHUN-SAT/SIKAR | AE86: CTL/YKBX1-SAT/JHUN-SAT/SIKAR-CTL/SIKA-CTL/YKBX1 | AF86: CTL/YKBX1-SAT/JHUN-SAT/SIKAR-CTL/SIKA-CTL/YKBX1 | AG86: Fixed | AH86: Fixed | AI86: 650 | AJ86: 21.5 | AK86: 13975 | AN86: 21.5 | AO86: MH-DH | AW86: FM Pickup | AX86: 13975 | BC86: ok
A87: 45813 | B87: Centralhub_L_YKBX1 | C87: 45813 | D87: 45813 | E87: Outbound | F87: FLZRP00109377487 | H87: Haryana Express | I87: HR55AU8177 | J87: Regular | K87: Regular | L87: 22 | M87: 22 | N87: CNG | O87: 24 | P87: 242140966, 242163858, 242201787 | Q87: ######## | R87: ######## | S87: 294 | T87: 3234 | U87: 294 | V87: 3234 | W87: 3234 | X87: Zonal | Y87: Direct | Z87: Surface | AA87: FTL | AB87: 2 Way | AC87: Centralhub_L_YKBX1 | AD87: SAT/HWRF1 | AE87: CTL/YKBX1-SAT/HWRF1-CTL/HWRF1-CTL/DEL8 | AF87: CTL/YKBX1-SAT/HWRF1-CTL/HWRF1-CTL/DEL8 | AG87: Fixed | AH87: Fixed | AI87: 655 | AJ87: 21.5 | AK87: 14082.5 | AN87: 21.5 | AO87: MH-DH | AW87: FM Pickup | AX87: 14082.5 | BC87: ok
A88: 45813 | B88: Centralhub_L_YKBX1 | C88: 45813 | D88: 45813 | E88: Outbound | F88: FLZRP00109377509 | H88: M M LOGISTICS | I88: DL01MB0183 | J88: Regular | K88: Regular | L88: 28 | M88: 28 | N88: CNG | O88: 24 | P88: 242140204, 242144207 | Q88: ######## | R88: ######## | S88: 511 | T88: 5621 | U88: 511 | V88: 5621 | W88: 5621 | X88: Zonal | Y88: Direct | Z88: Surface | AA88: FTL | AB88: 2 Way | AC88: Centralhub_L_YKBX1 | AD88: SAT/SAHA | AE88: CTL/YKBX1-SAT/SAHA-CTL/SAHA-CTL/DEL8 | AF88: CTL/YKBX1-SAT/SAHA-CTL/SAHA-CTL/DEL8 | AG88: Fixed | AH88: Fixed | AI88: 570 | AJ88: 23.5 | AK88: 13395 | AN88: 23.5 | AO88: MH-DH | AW88: FM Pickup | AX88: 13395 | BC88: ok
A89: 45813 | B89: Centralhub_L_YKBX1 | C89: 45813 | D89: 45813 | E89: Outbound | F89: FLZRP00109401679 | H89: HARI CARGO | I89: UP32PN6580 | J89: Adhoc | K89: Adhoc | L89: 22 | M89: 22 | N89: CNG | O89: 24 | P89: 242209205, 242241945,242220972, 242226520 | Q89: ######## | R89: ######## | S89: 200 | T89: 2200 | U89: 200 | V89: 2200 | W89: 2200 | X89: Zonal | Y89: Direct | Z89: Surface | AA89: FTL | AB89: 2 Way | AC89: Centralhub_L_YKBX1 | AD89: SAT/HWRF1/DDN | AE89: CTL/YKBX1-SAT/HWRF1-CTL/HWRF1-SAT/DDN-CTL/DEL8 | AF89: CTL/YKBX1-SAT/HWRF1-CTL/HWRF1-SAT/DDN-CTL/DEL8 | AG89: Fixed | AH89: Fixed | AI89: 760 | AJ89: 23.5 | AK89: 17860 | AN89: 23.5 | AO89: MH-DH | AW89: FM Pickup | AX89: 17860 | BC89: ok
A90: 45813 | B90: Centralhub_L_YKBX1 | C90: 45813 | D90: 45813 | E90: Outbound | F90: FLZRP00109397624 | H90: NARENDRA TRANSPORT | I90: DL01MB1978 | J90: Adhoc | K90: Adhoc | L90: 22 | M90: 22 | N90: CNG | O90: 24 | P90: 244531470, 244559512 | Q90: ######## | R90: ######## | S90: 172 | T90: 1892 | U90: 172 | V90: 1892 | W90: 1892 | X90: Zonal | Y90: Direct | Z90: Surface | AA90: FTL | AB90: 2 Way | AC90: Centralhub_L_YKBX1 | AD90: SAT/ALGR | AE90: .CTL/YKBX1-SAT/ALGR-CTL/ALGR-CTL/DEL8 | AF90: .CTL/YKBX1-SAT/ALGR-CTL/ALGR-CTL/DEL8 | AG90: Fixed | AH90: Fixed | AI90: 380 | AJ90: 23.5 | AK90: 8930 | AN90: 23.5 | AO90: MH-DH | AW90: FM Pickup | AX90: 8930 | BC90: ok
A91: 45813 | B91: Centralhub_L_YKBX1 | C91: 45813 | D91: 45813 | E91: Outbound | F91: FLZRP00109377815 | H91: Chirag Road Line | I91: HR38AC7298 | J91: Regular | K91: Regular | L91: 22 | M91: 22 | N91: CNG | O91: 24 | P91: 242140877, 242218771 | Q91: ######## | R91: ######## | S91: 200 | T91: 2200 | U91: 200 | V91: 2200 | W91: 2200 | X91: Zonal | Y91: Direct | Z91: Surface | AA91: FTL | AB91: 2 Way | AC91: Centralhub_L_YKBX1 | AD91: SAT/RUDRAPUR | AE91: CTL/YKBX1-SAT/RUDRAPUR-CTL/RUDRAPUR-CTL/DEL8 | AF91: CTL/YKBX1-SAT/RUDRAPUR-CTL/DEL8 | AG91: Fixed | AH91: Fixed | AI91: 790 | AJ91: 21.5 | AK91: 16985 | AN91: 21.5 | AO91: MH-DH | AS91: 0.5 | AT91: 8492.5 | AU91: CL | AV91: CentralHub_RUDRAPUR | AW91: FM Pickup | AX91: 8492.5 | BA91: 8492.5 | BC91: ok
A92: 45813 | B92: Centralhub_L_YKBX1 | C92: 45813 | D92: 45813 | E92: Outbound | F92: FLZRP00109377568 | H92: Chirag Road Line | I92: DL01MA7241 | J92: Regular | K92: Regular | L92: 22 | M92: 22 | N92: CNG | O92: 24 | P92: 242000000 | Q92: ######## | R92: ######## | S92: 238 | T92: 2618 | U92: 238 | V92: 2618 | W92: 2618 | X92: Zonal | Y92: Direct | Z92: Surface | AA92: FTL | AB92: 2 Way | AC92: Centralhub_L_YKBX1 | AD92: SAT/HLW1 | AE92: CTL/YKBX1-SAT/HLW1-CTL/HLW1-CTL/YKBX1 | AF92: CTL/YKBX1-SAT/HLW1-CTL/HLW1-CTL/YKBX1 | AG92: Fixed | AH92: Fixed | AI92: 815 | AJ92: 21.5 | AK92: 17522.5 | AN92: 21.5 | AO92: MH-DH | AW92: FM Pickup | AX92: 17522.5 | BC92: ok
A93: 45813 | B93: Centralhub_L_YKBX1 | C93: 45813 | D93: 45813 | E93: Outbound | F93: FLZRP00109377646 | H93: NARENDRA TRANSPORT | I93: DL01MB1863 | J93: Regular | K93: Regular | L93: 22 | M93: 22 | N93: CNG | O93: 24 | P93: 242165878, 242236526 | Q93: ######## | R93: ######## | S93: 299 | T93: 3289 | U93: 299 | V93: 3289 | W93: 3289 | X93: Zonal | Y93: Direct | Z93: Surface | AA93: FTL | AB93: 2 Way | AC93: Centralhub_L_YKBX1 | AD93: SAT/AGR1 | AE93: CTL/YKBX1-CTL/FRN-SAT/AGR1-CTL/AGR1-CTL/DEL8 | AF93: CTL/YKBX1-CTL/FRN-SAT/AGR1-CTL/AGR1-CTL/DEL8 | AG93: Fixed | AH93: Fixed | AI93: 600 | AJ93: 21.5 | AK93: 12900 | AN93: 21.5 | AO93: MH-DH | AW93: FM Pickup | AX93: 12900 | BC93: ok
A94: 45813 | B94: Centralhub_L_YKBX1 | C94: 45813 | D94: 45813 | E94: Outbound | F94: FLZRP00109380941 | H94: M M LOGISTICS | I94: DL01MA7110 | J94: Regular | K94: Regular | L94: 22 | M94: 22 | N94: CNG | O94: 24 | P94: 242199452,242189799, 242233062 | Q94: ######## | R94: ######## | S94: 245 | T94: 2695 | U94: 245 | V94: 2695 | W94: 2695 | X94: Zonal | Y94: Direct | Z94: Surface | AA94: FTL | AB94: 2 Way | AC94: Centralhub_L_YKBX1 | AD94: SAT/FTH | AE94: CTL/YKBX1-SAT/FTH-CTL/FTH-CTL/DEL8 | AF94: CTL/YKBX1-SAT/FTH-CTL/FTH-CTL/DEL8 | AG94: Fixed | AH94: Fixed | AI94: 510 | AJ94: 21.5 | AK94: 10965 | AN94: 21.5 | AO94: MH-DH | AW94: FM Pickup | AX94: 10965 | BC94: ok
A95: 45813 | B95: Centralhub_L_YKBX1 | C95: 45813 | D95: 45813 | E95: Outbound | F95: FLZRA00109405125 | H95: M M LOGISTICS | I95: DL01M8917 | J95: Adhoc | K95: Adhoc | L95: 22 | M95: 22 | N95: CNG | O95: 24 | P95: 242226435, 242237616, 242246513 | Q95: ######## | R95: ######## | S95: 80 | T95: 880 | U95: 80 | V95: 880 | W95: 880 | X95: Zonal | Y95: Direct | Z95: Surface | AA95: FTL | AB95: 2 Way | AC95: Centralhub_L_YKBX1 | AD95: SAT/FTH | AE95: CTL/YKBX1-SAT/FTH | AF95: CTL/YKBX1-SAT/FTH | AG95: Fixed | AH95: Fixed | AI95: 510 | AJ95: 23.5 | AK95: 11985 | AN95: 23.5 | AO95: MH-DH | AW95: FM Pickup | AX95: 11985 | BC95: ok
A96: 45813 | B96: Centralhub_L_YKBX1 | C96: 45813 | D96: 45813 | E96: Outbound | F96: FLZRP00109394317 | H96: NITIN TRANSPORT COMPANY | I96: HR55AH3720 | J96: Regular | K96: Regular | L96: 32 | M96: 32 | N96: Diesel | O96: 24 | P96: 242222528, 242266844 | Q96: ######## | R96: ######## | S96: 192 | T96: 2112 | U96: 192 | V96: 2112 | W96: 2112 | X96: Zonal | Y96: Direct | Z96: Surface | AA96: FTL | AB96: 2 Way | AC96: Centralhub_L_YKBX1 | AD96: SAT/ALWA | AE96: CTL/YKBX1-CTL/FRN-SAT/ALWA-CTL/ALWA-CTL/DEL8 | AF96: CTL/YKBX1-CTL/FRN-SAT/ALWA-CTL/ALWA-CTL/DEL8 | AG96: Fixed | AH96: Fixed | AI96: 325 | AJ96: 28.4 | AK96: 9213.75 | AN96: 28.35 | AO96: MH-DH | AW96: FM Pickup | AX96: 9213.75 | BC96: ok
A97: 45813 | B97: Centralhub_L_YKBX1 | C97: 45813 | D97: 45813 | E97: Outbound | F97: FLZRP00109404654 | H97: RAHUL CARGO | I97: HR47E2800 | J97: Regular | K97: Regular | L97: 22 | M97: 22 | N97: CNG | O97: 24 | P97: 242212729, 242242121 | Q97: ######## | R97: ######## | S97: 200 | T97: 2200 | U97: 200 | V97: 2200 | W97: 2200 | X97: Zonal | Y97: Direct | Z97: Surface | AA97: FTL | AB97: 2 Way | AC97: Centralhub_L_YKBX1 | AD97: SAT/BULAND | AE97: CTL/YKBX1-SAT/BULAND-CTL/DEL8 | AF97: CTL/YKBX1-SAT/BULAND | AG97: Fixed | AH97: Fixed | AI97: 440 | AJ97: 21.5 | AK97: 9460 | AN97: 21.5 | AO97: MH-DH | AW97: FM Pickup | AX97: 9460 | BC97: ok
A98: 45813 | B98: Centralhub_L_YKBX1 | C98: 45813 | D98: 45813 | E98: Outbound | F98: FLZRP00109404837 | H98: RAHUL CARGO | I98: NL01AE5622 | J98: Regular | K98: Regular | L98: 22 | M98: 22 | N98: CNG | O98: 24 | P98: 242000000 | Q98: ######## | R98: ######## | S98: 214 | T98: 2354 | U98: 214 | V98: 2354 | W98: 2354 | X98: Zonal | Y98: Direct | Z98: Surface | AA98: FTL | AB98: 2 Way | AC98: Centralhub_L_YKBX1 | AD98: SAT/SHAM | AE98: CTL/YKBX1-SAT/SHAM-CTL/SHAM-CTL/YKBX1 | AF98: CTL/YKBX1-SAT/SHAM-CTL/SHAM-CTL/YKBX1 | AG98: Fixed | AH98: Fixed | AI98: 330 | AJ98: 21.5 | AK98: 7095 | AN98: 21.5 | AO98: MH-DH | AW98: FM Pickup | AX98: 7095 | BC98: ok
A99: 45813 | B99: Centralhub_L_YKBX1 | C99: 45813 | D99: 45813 | E99: Outbound | F99: FLZRP00109382598 | H99: NARENDRA TRANSPORT | I99: DL01MB4098 | J99: Adhoc | K99: Adhoc | L99: 22 | M99: 22 | N99: CNG | O99: 24 | P99: 242178695 ,242145195, 242209308 | Q99: ######## | R99: ######## | S99: 322 | T99: 3542 | U99: 322 | V99: 3542 | W99: 3542 | X99: Zonal | Y99: Direct | Z99: Surface | AA99: FTL | AB99: 2 Way | AC99: Centralhub_L_YKBX1 | AD99: SAT/MRD-SAT/BARE | AE99: CTL/YKBX1-SAT/MRD-SAT/BARE-CTL/BAREIL-CTL/DEL8 | AF99: CTL/YKBX1-SAT/MRD-SAT/BARE-CTL/BAREIL-CTL/DEL8 | AG99: Fixed | AH99: Fixed | AI99: 805 | AJ99: 23.5 | AK99: 18917.5 | AN99: 23.5 | AO99: MH-DH | AW99: FM Pickup | AX99: 18917.5 | BC99: ok
A100: 45813 | B100: Centralhub_L_YKBX1 | C100: 45813 | D100: 45813 | E100: Outbound | F100: FLZRP00109404516 | H100: NARENDRA TRANSPORT | I100: DL01MB4085 | J100: Regular | K100: Regular | L100: 22 | M100: 22 | N100: CNG | O100: 24 | P100: 242000000 | Q100: ######## | R100: ######## | S100: 151 | T100: 1661 | U100: 151 | V100: 1661 | W100: 1661 | X100: Zonal | Y100: Direct | Z100: Surface | AA100: FTL | AB100: 2 Way | AC100: Centralhub_L_YKBX1 | AD100: SAT/BARE | AE100: CTL/YKBX1-SAT/BARE-CTL/BAREIL-CTL/DEL8 | AF100: CTL/YKBX1-SAT/BARE-CTL/BAREIL-CTL/DEL8 | AG100: Fixed | AH100: Fixed | AI100: 800 | AJ100: 21.5 | AK100: 17200 | AN100: 21.5 | AO100: MH-DH | AW100: FM Pickup | AX100: 17200 | BC100: ok
...

Sheet Sheet17
A1: consignment_id | B1: ref_id | C1: trip_id | D1: mode | E1: type | F1: business_entity_type | G1: trip_type | H1: trip_tag | I1: contract_type | J1: supply_chain | K1: trip_source | L1: trip_destination | M1: trip_source_type | N1: trip_dest_type | O1: source_zone | P1: dest_zone | Q1: execution_type | R1: trip_route | S1: trip_status | T1: event_trip_created_datetime | U1: event_trip_confirmed_datetime | V1: event_trip_started_datetime | W1: event_trip_completed_datetime | X1: event_trip_aborted_datetime | Y1: event_trip_cancelled_datetime | Z1: trip_end_datetime | AA1: consignment_source_id | AB1: consignment_destination_id | AC1: consignment_source_hub_type | AD1: consignment_dest_hub_type | AE1: consignment_source_client | AF1: consignment_dest_client | AG1: consignment_source | AH1: consignment_destination | AI1: consignment_created_at | AJ1: consignment_received_at | AK1: consignment_weight | AL1: consignment_status | AM1: consignment_volume | AN1: vehicle_number | AO1: vehicle_length | AP1: vehicle_breadth | AQ1: vehicle_height | AR1: vendor_id | AS1: vendor_name | AT1: mr_flag | AU1: bag_no_of_load_units | AV1: shipment_no_of_load_units | AW1: semi_large_no_of_load_units | AX1: box_no_of_load_units | AY1: large_no_of_load_units | AZ1: tote_no_of_load_units | BA1: total_fk_bag_shipments | BB1: total_shipment_shipments | BC1: total_fk_semi_large_shipments | BD1: total_box_shipments | BE1: total_large_shipments | BF1: total_gtnl_shipments | BG1: total_tote_shipments | BH1: bag_fwd_shipments | BI1: semi_large_fwd_shipments | BJ1: large_fwd_shipments | BK1: tote_fwd_shipments | BL1: bag_rev_shipments | BM1: shipment_rev_shipments | BN1: semi_large_rev_shipments | BO1: box_rev_shipments | BP1: large_rev_shipments | BQ1: gtnl_rev_shipments | BR1: tote_rev_shipments | BS1: vehicle_type_name | BT1: consignment_type | BU1: MYN_SYN_flag | BV1: NL_Synergy_flag | BW1: Trip_Tagging | BX1: consignment_source_city | BY1: consignment_dest_city | BZ1: trip_source_city | CA1: trip_dest_city | CB1: two_way_flag | CC1: abort_user | CD1: create_user | CE1: consignment_closed_time | CF1: execution_type_new | CG1: total_myn_shipments | CH1: myn_fwd_shipments | CI1: myn_rev_shipments
A2: 251000000 | B2: FLLRP00110675932 | C2: 111000000 | D2: ROAD | E2: LOCAL | F2: FSD | G2: MH - DH | H2: LH | I2: FLEET | J2: Non_Large | K2: MotherHub_JJH | L2: GandhinagarMPHub_DEL | M2: MOTHER_HUB | N2: DELIVERY_HUB | O2: North | P2: North | Q2: PLANNED | R2: GUR/JJH-DEL/GDM | S2: COMPLETED | T2: ######## | U2: ######## | V2: ######## | W2: ######## | Z2: ######## | AA2: 296232 | AB2: 192551 | AC2: MOTHER_HUB | AD2: DELIVERY_HUB | AE2: FLIPKART | AF2: FLIPKART | AG2: MotherHub_JJH | AH2: GandhinagarMPHub_DEL | AI2: ######## | AJ2: ######## | AK2: 1912.19 | AL2: DELIVERED | AM2: 0 | AN2: DL01LAJ6738 | AO2: 17 | AP2: 7 | AQ2: 7 | AR2: 753 | AS2: M/s Xpress Logistics Solution | AT2: 0 | AU2: 153 | AV2: 0 | AW2: 0 | AX2: 0 | AY2: 0 | AZ2: 0 | BA2: 4976 | BB2: 0 | BC2: 0 | BD2: 0 | BE2: 0 | BF2: 0 | BG2: 0 | BH2: 470 | BI2: 0 | BJ2: 0 | BK2: 0 | BL2: 4506 | BM2: 0 | BN2: 0 | BO2: 0 | BP2: 0 | BQ2: 0 | BR2: 0 | BS2: 17 FT | BT2: BAG | BU2: FK | BV2: 0 | BX2: JHAJJAR | BY2: DELHI | BZ2: JHAJJAR | CA2: DELHI | CB2: 0 | CD2: neeraj.chandra | CE2: ######## | CF2: Adhoc | CG2: 251 | CH2: 3 | CI2: 248
A3: 258000000 | B3: FLLRP00112524297 | C3: 113000000 | D3: ROAD | E3: LOCAL | F3: FSD | G3: MH - DH | H3: LH | I3: FLEET | J3: Non_Large | K3: RajakilpakamMYNTRAHub_CHN | L3: RajakilpakamMYNTRAHub_CHN | M3: DELIVERY_HUB | N3: DELIVERY_HUB | O3: South | P3: South | Q3: PLANNED | R3: RJK/MAA-MYN/M01-DXT/KKL-MYN/R99-RJK/MAA | S3: IN_TRANSIT | T3: ######## | U3: ######## | V3: ######## | W3: ######## | Z3: ######## | AA3: 219450 | AB3: 222947 | AC3: DELIVERY_HUB | AD3: DELIVERY_HUB | AE3: MYN | AF3: MYN | AG3: RajakilpakamMYNTRAHub_CHN | AH3: SelaiyurMYNTRAHub_POR_SLR | AI3: ######## | AJ3: ######## | AK3: 3 | AL3: DELIVERED | AM3: 0 | AN3: TN12AY6121 | AO3: 6.5 | AP3: 4.5 | AQ3: 4.5 | AR3: 738 | AS3: RADURE HANDLING PRIVATE LIMITED | AT3: 0 | AU3: 0 | AV3: 0 | AW3: 3 | AX3: 0 | AY3: 0 | AZ3: 0 | BA3: 0 | BB3: 0 | BC3: 0 | BD3: 0 | BE3: 0 | BF3: 0 | BG3: 0 | BH3: 0 | BI3: 0 | BJ3: 0 | BK3: 0 | BL3: 0 | BM3: 0 | BN3: 0 | BO3: 0 | BP3: 0 | BQ3: 0 | BR3: 0 | BS3: 6.5 Ft | BT3: SEMI_LARGE_SHIPMENT | BU3: MYN | BV3: 0 | BX3: CHENNAI | BY3: CHENNAI | BZ3: CHENNAI | CA3: CHENNAI | CB3: 1 | CD3: ca.2444050 | CE3: ######## | CF3: Regular | CG3: 3 | CH3: 3 | CI3: 0
A4: 254000000 | B4: FLLRP00111083289 | C4: 111000000 | D4: ROAD | E4: LOCAL | F4: FSD | G4: MH - DH | H4: LH | I4: FLEET | J4: Non_Large | K4: FatehpurHub_FEH | L4: MalwaMDH_LAL | M4: DELIVERY_HUB | N4: DELIVERY_HUB | O4: North | P4: North | Q4: PLANNED | R4: GWL/FEH-LAL/MDH-KHJ/MDH-GWL/FEH | S4: COMPLETED | T4: ######## | U4: ######## | V4: ######## | W4: ######## | Z4: ######## | AA4: 54844 | AB4: 298945 | AC4: DELIVERY_HUB | AD4: DELIVERY_HUB | AE4: FLIPKART | AF4: FLIPKART | AG4: FatehpurHub_FEH | AH4: MalwaMDH_LAL | AI4: ######## | AJ4: ######## | AK4: 200.55 | AL4: DELIVERED | AM4: 0 | AN4: UP71BT2115 | AO4: 6.5 | AP4: 4.5 | AQ4: 4.5 | AR4: 223 | AS4: Golden Aero | AT4: 0 | AU4: 17 | AV4: 0 | AW4: 0 | AX4: 0 | AY4: 0 | AZ4: 0 | BA4: 467 | BB4: 0 | BC4: 0 | BD4: 0 | BE4: 0 | BF4: 0 | BG4: 0 | BH4: 379 | BI4: 0 | BJ4: 0 | BK4: 0 | BL4: 88 | BM4: 0 | BN4: 0 | BO4: 0 | BP4: 0 | BQ4: 0 | BR4: 0 | BS4: 6.5 Ft | BT4: BAG | BU4: FK | BV4: 0 | BX4: FATEHPUR | BY4: MALWA | BZ4: FATEHPUR | CA4: FATEHPUR | CB4: 0 | CD4: ajeet.yadav | CE4: ######## | CF4: Regular | CG4: 28 | CH4: 28 | CI4: 0
A5: 253000000 | B5: FLLRP00111615664 | C5: 112000000 | D5: ROAD | E5: LOCAL | F5: FSD | G5: MH - MH | H5: LH | I5: FLEET | J5: Large | K5: CentralHub_Alite_L_PTW9 | L5: CentralHub_L_YKBX1 | M5: MOTHER_HUB | N5: MOTHER_HUB | O5: North | P5: North | Q5: PLANNED | R5: CTL/PTW9-CTL/EFB4-CTL/PTW10-CTL/HAI9-CTL/SAJ1-CTL/SAJ12-CTL/YKBX1 | S5: COMPLETED | T5: ######## | U5: ######## | V5: ######## | W5: ######## | Z5: ######## | AA5: 348111 | AB5: 266577 | AC5: MOTHER_HUB | AD5: MOTHER_HUB | AE5: FLIPKART | AF5: FLIPKART | AG5: CentralHub_Alite_F_SAJ12 | AH5: CentralHub_L_YKBX1 | AI5: ######## | AJ5: ######## | AK5: 2934.64 | AL5: DELIVERED | AM5: 0 | AN5: HR55W9241 | AO5: 32 | AP5: 8 | AQ5: 8 | AR5: 343 | AS5: NAVEEN TRANSPORT SERVICE | AT5: 0 | AU5: 0 | AV5: 0 | AW5: 0 | AX5: 0 | AY5: 119 | AZ5: 0 | BA5: 0 | BB5: 0 | BC5: 0 | BD5: 0 | BE5: 119 | BF5: 0 | BG5: 0 | BH5: 0 | BI5: 0 | BJ5: 107 | BK5: 0 | BL5: 0 | BM5: 0 | BN5: 0 | BO5: 0 | BP5: 12 | BQ5: 0 | BR5: 0 | BS5: 32 Ft | BT5: SHIPMENT_PART_BOX | BU5: FK | BV5: 0 | BX5: GURUGRAM | BY5: JHAJJAR | BZ5: GURUGRAM | CA5: JHAJJAR | CB5: 0 | CD5: kulvantk.vc | CE5: ######## | CF5: Adhoc | CG5: 0 | CH5: 0 | CI5: 0
A6: 255000000 | B6: CLZRP00110601961 | C6: 111000000 | D6: ROAD | E6: ZONAL | F6: FSD | G6: MH - DH | H6: LH | I6: COLOADER | J6: Non_Large | K6: ElasticRunBhathatODH_BHA | L6: Motherhub_LKO_BTS | M6: DELIVERY_HUB | N6: MOTHER_HUB | O6: North | P6: North | Q6: PLANNED | S6: COMPLETED | T6: ######## | U6: ######## | V6: ######## | W6: ######## | Z6: ######## | AA6: 192661 | AB6: 351759 | AC6: DELIVERY_HUB | AD6: MOTHER_HUB | AE6: FLIPKART | AF6: FLIPKART | AG6: ElasticRunBhathatODH_BHA | AH6: Motherhub_LKO_BTS | AI6: ######## | AJ6: ######## | AK6: 0 | AL6: DELIVERED | AM6: 0 | AR6: 269 | AS6: PATLIPUTRA LOGISTICS | AT6: 0 | AU6: 7 | AV6: 0 | AW6: 0 | AX6: 0 | AY6: 0 | AZ6: 0 | BA6: 112 | BB6: 0 | BC6: 0 | BD6: 0 | BE6: 0 | BF6: 0 | BG6: 0 | BH6: 0 | BI6: 0 | BJ6: 0 | BK6: 0 | BL6: 112 | BM6: 0 | BN6: 0 | BO6: 0 | BP6: 0 | BQ6: 0 | BR6: 0 | BT6: BAG | BU6: FK | BV6: 0 | BX6: GORAKHPUR | BY6: Lucknow | BZ6: GORAKHPUR | CA6: Lucknow | CB6: 0 | CD6: piyushkumar.tiwari | CE6: ######## | CF6: Adhoc | CG6: 1 | CH6: 0 | CI6: 1
A7: 255000000 | B7: FLLRP00111989410 | C7: 112000000 | D7: ROAD | E7: LOCAL | F7: FSD | G7: MH - DH | H7: LH | I7: FLEET | J7: Non_Large | K7: SecunderabadMYNTRAHub_SEC | L7: JeedimetlaMYNTRA_SKV_JDM | M7: DELIVERY_HUB | N7: DELIVERY_HUB | O7: South | P7: South | Q7: PLANNED | R7: SEC/HYD-MYN/M33 | S7: COMPLETED | T7: ######## | U7: ######## | V7: ######## | W7: ######## | Z7: ######## | AA7: 219050 | AB7: 222699 | AC7: DELIVERY_HUB | AD7: DELIVERY_HUB | AE7: MYN | AF7: MYN | AG7: SecunderabadMYNTRAHub_SEC | AH7: JeedimetlaMYNTRA_SKV_JDM | AI7: ######## | AJ7: ######## | AK7: 21 | AL7: DELIVERED | AM7: 0 | AN7: TS07UC6136 | AO7: 8 | AP7: 4.8 | AQ7: 4.8 | AR7: 254 | AS7: Mahindra Logistics Limited | AT7: 0 | AU7: 4 | AV7: 0 | AW7: 0 | AX7: 0 | AY7: 0 | AZ7: 0 | BA7: 0 | BB7: 0 | BC7: 0 | BD7: 0 | BE7: 0 | BF7: 0 | BG7: 0 | BH7: 0 | BI7: 0 | BJ7: 0 | BK7: 0 | BL7: 0 | BM7: 0 | BN7: 0 | BO7: 0 | BP7: 0 | BQ7: 0 | BR7: 0 | BS7: 8 FT | BT7: BAG | BU7: MYN | BV7: 0 | BX7: HYDERABAD | BY7: HYDERABAD | BZ7: HYDERABAD | CA7: HYDERABAD | CB7: 0 | CD7: ca.2709534 | CE7: ######## | CF7: Regular | CG7: 49 | CH7: 39 | CI7: 10
A8: 255000000 | B8: CLZRP00110746364 | C8: 111000000 | D8: ROAD | E8: ZONAL | F8: FSD | G8: MH - DH | H8: LH | I8: COLOADER | J8: Non_Large | K8: GroceryMH_VIJ | L8: GanapavaramODH_GPM | M8: MOTHER_HUB | N8: DELIVERY_HUB | O8: South | P8: South | Q8: PLANNED | S8: COMPLETED | T8: ######## | U8: ######## | V8: ######## | W8: ######## | Z8: ######## | AA8: 270455 | AB8: 317196 | AC8: MOTHER_HUB | AD8: DELIVERY_HUB | AE8: FLIPKART | AF8: FLIPKART | AG8: GroceryMH_VIJ | AH8: GanapavaramODH_GPM | AI8: ######## | AJ8: ######## | AK8: 21.15 | AL8: DELIVERED | AM8: 0 | AR8: 594 | AS8: Del Cargo Express Logistics | AT8: 0 | AU8: 0 | AV8: 0 | AW8: 0 | AX8: 0 | AY8: 0 | AZ8: 1 | BA8: 0 | BB8: 0 | BC8: 0 | BD8: 0 | BE8: 0 | BF8: 0 | BG8: 4 | BH8: 0 | BI8: 0 | BJ8: 0 | BK8: 4 | BL8: 0 | BM8: 0 | BN8: 0 | BO8: 0 | BP8: 0 | BQ8: 0 | BR8: 0 | BT8: TOTE | BU8: FK | BV8: 0 | BW8: grc | BX8: VIJAYAWADA | BY8: GANAPAVARAM | BZ8: VIJAYAWADA | CA8: GANAPAVARAM | CB8: 0 | CD8: ramsetty.s | CE8: ######## | CF8: Regular | CG8: 0 | CH8: 0 | CI8: 0

Sheet 3_Hop
A1: final_group | B1: hop_count | C1: route_sequence | D1: total_demand | E1: assigned_vehicle_length | F1: arrival_times | G1: departure_times | H1: distance_savings | I1: max_distance | J1: route_distance | K1: assigned | L1: updated_depot_departure | S1: final_group | T1: hop_count | U1: route_sequence | V1: total_demand | W1: assigned_vehicle_length | X1: arrival_times | Y1: departure_times | Z1: distance_savings | AA1: max_distance | AB1: route_distance | AC1: assigned | AD1: updated_depot_departure | AE1: Vehicle | AF1: FRQ | AG1: CpK | AH1: Monthly Cost
A2: 660.0-0-0-5 hrs | B2: 3 | C2: CENTRALHUB_L_YKBX1 -> SATELLITEHUB_MZN -> SATELLITEHUB_HWRF1 -> SATELLITEHUB_KNL1 -> CENTRALHUB_L_YKBX1 | D2: 2137 | E2: 32 | F2: 1035.0:1305.0:1800.0:2325.0 | G2: 1155.0:1485.0:1980.0 | H2: 713 | I2: 262 | J2: 599 | K2: Yes | L2: 675 | S2: 660.0-0-0-5 hrs | T2: 3 | U2: CENTRALHUB_L_YKBX1 -> SATELLITEHUB_MZN -> SATELLITEHUB_HWRF1 -> SATELLITEHUB_KNL1 -> CENTRALHUB_L_YKBX1 | V2: 2137 | W2: 32 | X2: 1035.0:1305.0:1800.0:2325.0 | Y2: 1155.0:1485.0:1980.0 | Z2: 713 | AA2: 262 | AB2: 599 | AC2: Yes | AD2: 675 | AE2: 32 | AF2: 1 | AG2: 28.5 | AH2: =AG2*AB2*1.05*30/AF2 -> 537752.25
A3: 660.0-0-0-5 hrs | B3: 2 | C3: CENTRALHUB_L_YKBX1 -> SATELLITEHUB_BAREILLY -> SATELLITEHUB_BUDAUN1 -> CENTRALHUB_L_YKBX1 | D3: 1270 | E3: 22 | F3: 1500.0:1800.0:2610.0 | G3: 1680.0:1980.0 | H3: 599.8 | I3: 360 | J3: 690.2 | K3: Yes | L3: 855 | S3: 660.0-0-0-5 hrs | T3: 2 | U3: CENTRALHUB_L_YKBX1 -> SATELLITEHUB_BAREILLY -> SATELLITEHUB_BUDAUN1 -> CENTRALHUB_L_YKBX1 | V3: 1270 | W3: 22 | X3: 1500.0:1800.0:2610.0 | Y3: 1680.0:1980.0 | Z3: 599.8 | AA3: 360 | AB3: 690.2 | AC3: Yes | AD3: 855 | AE3: 22 | AF3: 1 | AG3: 21.5 | AH3: =AG3*AB3*1.05*30/AF3 -> 467437.95
A4: 690.0-0-0-5 hrs | B4: 2 | C4: CENTRALHUB_L_YKBX1 -> SATELLITEHUB_DDNHOPE -> SATELLITEHUB_DDN -> CENTRALHUB_L_YKBX1 | D4: 1453 | E4: 24 | F4: 1560.0:1800.0:2565.0 | G4: 1740.0:1980.0 | H4: 564 | I4: 294 | J4: 588 | K4: Yes | L4: 945 | S4: 690.0-0-0-5 hrs | T4: 2 | U4: CENTRALHUB_L_YKBX1 -> SATELLITEHUB_DDNHOPE -> SATELLITEHUB_DDN -> CENTRALHUB_L_YKBX1 | V4: 1453 | W4: 24 | X4: 1560.0:1800.0:2565.0 | Y4: 1740.0:1980.0 | Z4: 564 | AA4: 294 | AB4: 588 | AC4: Yes | AD4: 945 | AE4: 24 | AF4: 1 | AG4: 23 | AH4: =AG4*AB4*1.05*30/AF4 -> 426006
A5: 660.0-0-0-5 hrs | B5: 3 | C5: CENTRALHUB_L_YKBX1 -> SATELLITEHUB_MNR -> SATELLITEHUB_BIJNOR -> SATELLITEHUB_SHAMLI -> CENTRALHUB_L_YKBX1 | D5: 951 | E5: 20 | F5: 990.0:1380.0:1800.0:2265.0 | G5: 1110.0:1560.0:1980.0 | H5: 542 | I5: 228 | J5: 504 | K5: Yes | L5: 720 | S5: 660.0-0-0-5 hrs | T5: 3 | U5: CENTRALHUB_L_YKBX1 -> SATELLITEHUB_MNR -> SATELLITEHUB_BIJNOR -> SATELLITEHUB_SHAMLI -> CENTRALHUB_L_YKBX1 | V5: 951 | W5: 20 | X5: 990.0:1380.0:1800.0:2265.0 | Y5: 1110.0:1560.0:1980.0 | Z5: 542 | AA5: 228 | AB5: 504 | AC5: Yes | AD5: 720 | AE5: 20 | AF5: 1 | AG5: 21 | AH5: =AG5*AB5*1.05*30/AF5 -> 333396
A6: 660.0-0-0-5 hrs | B6: 2 | C6: CENTRALHUB_L_YKBX1 -> SATELLITEHUB_SIKAR -> SATELLITEHUB_JHUNJHUNU -> CENTRALHUB_L_YKBX1 | D6: 696 | E6: 17 | F6: 1515.0:1800.0:2445.0 | G6: 1695.0:1920.0 | H6: 430.6 | I6: 249 | J6: 533.4 | K6: Yes | L6: 990 | S6: 660.0-0-0-5 hrs | T6: 2 | U6: CENTRALHUB_L_YKBX1 -> SATELLITEHUB_SIKAR -> SATELLITEHUB_JHUNJHUNU -> CENTRALHUB_L_YKBX1 | V6: 696 | W6: 17 | X6: 1515.0:1800.0:2445.0 | Y6: 1695.0:1920.0 | Z6: 430.6 | AA6: 249 | AB6: 533.4 | AC6: Yes | AD6: 990 | AE6: 17 | AF6: 1 | AG6: 19 | AH6: =AG6*AB6*1.05*30/AF6 -> 319239.9
A7: 660.0-0-0-5 hrs | B7: 3 | C7: CENTRALHUB_L_YKBX1 -> SATELLITEHUB_MEERUT -> SATELLITEHUB_PANIPAT -> SATELLITEHUB_SONIPAT -> CENTRALHUB_L_YKBX1 | D7: 2259 | E7: 32 | F7: 1125.0:1545.0:1800.0:2160.0 | G7: 1305.0:1725.0:1980.0 | H7: 390.3 | I7: 184 | J7: 432.3 | K7: Yes | L7: 780 | S7: 660.0-0-0-5 hrs | T7: 3 | U7: CENTRALHUB_L_YKBX1 -> SATELLITEHUB_MEERUT -> SATELLITEHUB_PANIPAT -> SATELLITEHUB_SONIPAT -> CENTRALHUB_L_YKBX1 | V7: 2259 | W7: 32 | X7: 1125.0:1545.0:1800.0:2160.0 | Y7: 1305.0:1725.0:1980.0 | Z7: 390.3 | AA7: 184 | AB7: 432.3 | AC7: Yes | AD7: 780 | AE7: 32 | AF7: 1 | AG7: 28.5 | AH7: =AG7*AB7*1.05*30/AF7 -> 388097.33
A8: 660.0-0-0-5 hrs | B8: 2 | C8: CENTRALHUB_L_YKBX1 -> SATELLITEHUB_BULANDSHAHAR -> SATELLITEHUB_HLW1 -> CENTRALHUB_L_YKBX1 | D8: 937 | E8: 20 | F8: 1140.0:1800.0:2640.0 | G8: 1320.0:1980.0 | H8: 294 | I8: 372 | J8: 794 | K8: Yes | L8: 825 | S8: 660.0-0-0-5 hrs | T8: 2 | U8: CENTRALHUB_L_YKBX1 -> SATELLITEHUB_BULANDSHAHAR -> SATELLITEHUB_HLW1 -> CENTRALHUB_L_YKBX1 | V8: 937 | W8: 20 | X8: 1140.0:1800.0:2640.0 | Y8: 1320.0:1980.0 | Z8: 294 | AA8: 372 | AB8: 794 | AC8: Yes | AD8: 825 | AE8: 20 | AF8: 1 | AG8: 21 | AH8: =AG8*AB8*1.05*30/AF8 -> 525231
A9: 660.0-0-0-5 hrs | B9: 3 | C9: CENTRALHUB_L_YKBX1 -> SATELLITEHUB_PALWAL -> SATELLITEHUB_ALGR -> SATELLITEHUB_ALWAR -> CENTRALHUB_L_YKBX1 | D9: 2184 | E9: 32 | F9: 885.0:1245.0:1800.0:2265.0 | G9: 1065.0:1425.0:1980.0 | H9: 247.7 | I9: 148 | J9: 487.3 | K9: Yes | L9: 690 | S9: 660.0-0-0-5 hrs | T9: 3 | U9: CENTRALHUB_L_YKBX1 -> SATELLITEHUB_PALWAL -> SATELLITEHUB_ALGR -> SATELLITEHUB_ALWAR -> CENTRALHUB_L_YKBX1 | V9: 2184 | W9: 32 | X9: 885.0:1245.0:1800.0:2265.0 | Y9: 1065.0:1425.0:1980.0 | Z9: 247.7 | AA9: 148 | AB9: 487.3 | AC9: Yes | AD9: 690 | AE9: 32 | AF9: 1 | AG9: 28.5 | AH9: =AG9*AB9*1.05*30/AF9 -> 437473.58
A10: 675.0-0-0-5 hrs | B10: 1 | C10: CENTRALHUB_L_YKBX1 -> SATELLITEHUB_RUDRAPUR -> CENTRALHUB_L_YKBX1 | D10: 600 | E10: 14 | F10: 1800.0:2595.0 | G10: 1980 | H10: 0 | I10: 353 | J10: 706 | K10: Yes | L10: 1185 | S10: 660.0-0-0-5 hrs | T10: 1 | U10: CENTRALHUB_L_YKBX1 -> SATELLITEHUB_GHAZIABAD -> CENTRALHUB_L_YKBX1 | V10: 772 | W10: 17 | X10: 1800.0:2175.0 | Y10: 1980 | Z10: 0 | AA10: 61.4 | AB10: 122.8 | AC10: Yes | AD10: 1605 | AE10: 17 | AF10: 1 | AG10: 19 | AH10: =AG10*AB10*1.05*30/AF10 -> 73495.8
A11: 660.0-0-0-5 hrs | B11: 1 | C11: CENTRALHUB_L_YKBX1 -> SATELLITEHUB_FTH -> CENTRALHUB_L_YKBX1 | D11: 1158 | E11: 20 | F11: 1800.0:2355.0 | G11: 1980 | H11: 0 | I11: 212 | J11: 424 | K11: Yes | L11: 1425 | S11: 660.0-0-0-5 hrs | T11: 1 | U11: CENTRALHUB_L_YKBX1 -> SATELLITEHUB_AGR1 -> CENTRALHUB_L_YKBX1 | V11: 909 | W11: 20 | X11: 1800.0:2385.0 | Y11: 1980 | Z11: 0 | AA11: 242 | AB11: 484 | AC11: Yes | AD11: 1395 | AE11: 32 | AF11: 1 | AG11: 28.5 | AH11: =AG11*AB11*1.05*30/AF11 -> 434511
A12: 660.0-0-0-5 hrs | B12: 1 | C12: CENTRALHUB_L_YKBX1 -> SATELLITEHUB_MRD -> CENTRALHUB_L_YKBX1 | D12: 1233 | E12: 22 | F12: 1800.0:2430.0 | G12: 1980 | H12: 0 | I12: 264 | J12: 528 | K12: Yes | L12: 1350 | S12: 660.0-0-0-5 hrs | T12: 1 | U12: CENTRALHUB_L_YKBX1 -> SATELLITEHUB_SAHARANPUR -> CENTRALHUB_L_YKBX1 | V12: 1607 | W12: 24 | X12: 1800.0:2415.0 | Y12: 1980 | Z12: 0 | AA12: 220 | AB12: 440 | AC12: Yes | AD12: 1365 | AE12: 24 | AF12: 1 | AG12: 23 | AH12: =AG12*AB12*1.05*30/AF12 -> 318780
A13: 660.0-0-0-5 hrs | B13: 1 | C13: CENTRALHUB_L_YKBX1 -> SATELLITEHUB_GHAZIABAD -> CENTRALHUB_L_YKBX1 | D13: 772 | E13: 17 | F13: 1800.0:2175.0 | G13: 1980 | H13: 0 | I13: 61.4 | J13: 122.8 | K13: Yes | L13: 1605 | S13: 660.0-0-0-5 hrs | T13: 1 | U13: CENTRALHUB_L_YKBX1 -> SATELLITEHUB_FTH -> CENTRALHUB_L_YKBX1 | V13: 1158 | W13: 20 | X13: 1800.0:2355.0 | Y13: 1980 | Z13: 0 | AA13: 212 | AB13: 424 | AC13: Yes | AD13: 1425 | AE13: 20 | AF13: 1 | AG13: 21 | AH13: =AG13*AB13*1.05*30/AF13 -> 280476
A14: 660.0-0-0-5 hrs | B14: 1 | C14: CENTRALHUB_L_YKBX1 -> SATELLITEHUB_AGR1 -> CENTRALHUB_L_YKBX1 | D14: 909 | E14: 20 | F14: 1800.0:2385.0 | G14: 1980 | H14: 0 | I14: 242 | J14: 484 | K14: Yes | L14: 1395 | S14: 0.0-0-0-5 hrs | T14: 1 | U14: CENTRALHUB_L_YKBX1 -> SATELLITEHUB_RUDRAPUR -> CENTRALHUB_L_YKBX1 | V14: 600 | W14: 14 | X14: 1800.0:2595.0 | Y14: 1980 | Z14: 0 | AA14: 353 | AB14: 706 | AC14: Yes | AD14: 1185 | AE14: 22 | AF14: 1 | AG14: 21.5 | AH14: =AG14*AB14*1.05*30*0.5/AF14 -> 239069.25 | AI14: Syn FM
A15: 660.0-0-0-5 hrs | B15: 1 | C15: CENTRALHUB_L_YKBX1 -> SATELLITEHUB_RTK1 -> CENTRALHUB_L_YKBX1 | D15: 901 | E15: 20 | F15: 1800.0:2175.0 | G15: 1980 | H15: 0 | I15: 85.3 | J15: 170.6 | K15: Yes | L15: 1605 | S15: 660.0-0-0-5 hrs | T15: 1 | U15: CENTRALHUB_L_YKBX1 -> SATELLITEHUB_MRD -> CENTRALHUB_L_YKBX1 | V15: 1233 | W15: 22 | X15: 1800.0:2430.0 | Y15: 1980 | Z15: 0 | AA15: 264 | AB15: 528 | AC15: Yes | AD15: 1350 | AE15: 22 | AF15: 1 | AG15: 21.5 | AH15: =AG15*AB15*1.05*30/AF15 -> 357588
AH16: =sum(AH2:AH15) -> 5138554
A18: final_group | B18: hop_count | C18: route_sequence | D18: total_demand | E18: assigned_vehicle_length | F18: arrival_times | G18: departure_times | H18: distance_savings | I18: max_distance | J18: route_distance | K18: assigned | L18: updated_depot_departure | M18: Vehicle | N18: FRQ | O18: CpK | P18: Monthly Cost
A19: 660.0-0-0-5 hrs | B19: 3 | C19: CENTRALHUB_L_YKBX1 -> SATELLITEHUB_MZN -> SATELLITEHUB_HWRF1 -> SATELLITEHUB_KNL1 -> CENTRALHUB_L_YKBX1 | D19: 2137 | E19: 32 | F19: 1035.0:1305.0:1800.0:2325.0 | G19: 1155.0:1485.0:1980.0 | H19: 713 | I19: 262 | J19: 599 | K19: Yes | L19: 675 | M19: 32 | N19: 1 | O19: 28.5 | P19: =O19*1.05*J19*30/N19 -> 537752.25
A20: 660.0-0-0-5 hrs | B20: 2 | C20: CENTRALHUB_L_YKBX1 -> SATELLITEHUB_BAREILLY -> SATELLITEHUB_BUDAUN1 -> CENTRALHUB_L_YKBX1 | D20: 1270 | E20: 22 | F20: 1500.0:1800.0:2610.0 | G20: 1680.0:1980.0 | H20: 599.8 | I20: 360 | J20: 690.2 | K20: Yes | L20: 855 | M20: 22 | N20: 1 | O20: 23.5 | P20: =O20*1.05*J20*30/N20 -> 510920.55
A21: 690.0-0-0-5 hrs | B21: 2 | C21: CENTRALHUB_L_YKBX1 -> SATELLITEHUB_DDNHOPE -> SATELLITEHUB_DDN -> CENTRALHUB_L_YKBX1 | D21: 1453 | E21: 24 | F21: 1560.0:1800.0:2565.0 | G21: 1740.0:1980.0 | H21: 564 | I21: 294 | J21: 588 | K21: Yes | L21: 945 | M21: 24 | N21: 1 | O21: 23.5 | P21: =O21*1.05*J21*30/N21 -> 435267
A22: 660.0-0-0-5 hrs | B22: 3 | C22: CENTRALHUB_L_YKBX1 -> SATELLITEHUB_MNR -> SATELLITEHUB_BIJNOR -> SATELLITEHUB_SHAMLI -> CENTRALHUB_L_YKBX1 | D22: 951 | E22: 20 | F22: 990.0:1380.0:1800.0:2265.0 | G22: 1110.0:1560.0:1980.0 | H22: 542 | I22: 228 | J22: 504 | K22: Yes | L22: 720 | M22: 20 | N22: 1 | O22: 22 | P22: =O22*1.05*J22*30/N22 -> 349272
A23: 660.0-0-0-5 hrs | B23: 2 | C23: CENTRALHUB_L_YKBX1 -> SATELLITEHUB_SIKAR -> SATELLITEHUB_JHUNJHUNU -> CENTRALHUB_L_YKBX1 | D23: 696 | E23: 17 | F23: 1515.0:1800.0:2445.0 | G23: 1695.0:1920.0 | H23: 430.6 | I23: 249 | J23: 533.4 | K23: Yes | L23: 990 | M23: 24 | N23: 2 | O23: 23.5 | P23: =O23*1.05*J23*30/N23 -> 197424.67
A24: 660.0-0-0-5 hrs | B24: 3 | C24: CENTRALHUB_L_YKBX1 -> SATELLITEHUB_MEERUT -> SATELLITEHUB_PANIPAT -> SATELLITEHUB_SONIPAT -> CENTRALHUB_L_YKBX1 | D24: 2259 | E24: 32 | F24: 1125.0:1545.0:1800.0:2160.0 | G24: 1305.0:1725.0:1980.0 | H24: 390.3 | I24: 184 | J24: 432.3 | K24: Yes | L24: 780 | M24: 32 | N24: 1 | O24: 28.5 | P24: =O24*1.05*J24*30/N24 -> 388097.33
A25: 660.0-0-0-5 hrs | B25: 2 | C25: CENTRALHUB_L_YKBX1 -> SATELLITEHUB_BULANDSHAHAR -> SATELLITEHUB_HLW1 -> CENTRALHUB_L_YKBX1 | D25: 937 | E25: 20 | F25: 1140.0:1800.0:2640.0 | G25: 1320.0:1980.0 | H25: 294 | I25: 372 | J25: 794 | K25: Yes | L25: 825 | M25: 20 | N25: 1 | O25: 22 | P25: =O25*1.05*J25*30/N25 -> 550242
A26: 660.0-0-0-5 hrs | B26: 3 | C26: CENTRALHUB_L_YKBX1 -> SATELLITEHUB_PALWAL -> SATELLITEHUB_ALGR -> SATELLITEHUB_ALWAR -> CENTRALHUB_L_YKBX1 | D26: 2184 | E26: 32 | F26: 885.0:1245.0:1800.0:2265.0 | G26: 1065.0:1425.0:1980.0 | H26: 247.7 | I26: 148 | J26: 487.3 | K26: Yes | L26: 690 | M26: 32 | N26: 1 | O26: 28.5 | P26: =O26*1.05*J26*30/N26 -> 437473.58
A27: 660.0-0-0-5 hrs | B27: 1 | C27: CENTRALHUB_L_YKBX1 -> SATELLITEHUB_FTH -> CENTRALHUB_L_YKBX1 | D27: 1158 | E27: 20 | F27: 1800.0:2355.0 | G27: 1980 | H27: 0 | I27: 212 | J27: 424 | K27: Yes | L27: 1425 | M27: 20 | N27: 1 | O27: 22 | P27: =O27*1.05*J27*30/N27 -> 293832
A28: 660.0-0-0-5 hrs | B28: 1 | C28: CENTRALHUB_L_YKBX1 -> SATELLITEHUB_MRD -> CENTRALHUB_L_YKBX1 | D28: 1233 | E28: 22 | F28: 1800.0:2430.0 | G28: 1980 | H28: 0 | I28: 264 | J28: 528 | K28: Yes | L28: 1350 | M28: 22 | N28: 1 | O28: 23.5 | P28: =O28*1.05*J28*30/N28 -> 390852
A29: 660.0-0-0-5 hrs | B29: 1 | C29: CENTRALHUB_L_YKBX1 -> SATELLITEHUB_GHAZIABAD -> CENTRALHUB_L_YKBX1 | D29: 772 | E29: 17 | F29: 1800.0:2175.0 | G29: 1980 | H29: 0 | I29: 61.4 | J29: 122.8 | K29: Yes | L29: 1605 | M29: 20 | N29: 1 | O29: 22 | P29: =O29*1.05*J29*30/N29 -> 85100.4
A30: 660.0-0-0-5 hrs | B30: 1 | C30: CENTRALHUB_L_YKBX1 -> SATELLITEHUB_AGR1 -> CENTRALHUB_L_YKBX1 | D30: 909 | E30: 20 | F30: 1800.0:2385.0 | G30: 1980 | H30: 0 | I30: 242 | J30: 484 | K30: Yes | L30: 1395 | M30: 20 | N30: 1 | O30: 22 | P30: =O30*1.05*J30*30/N30 -> 335412
A31: 660.0-0-0-5 hrs | B31: 1 | C31: CENTRALHUB_L_YKBX1 -> SATELLITEHUB_RTK1 -> CENTRALHUB_L_YKBX1 | D31: 901 | E31: 20 | F31: 1800.0:2175.0 | G31: 1980 | H31: 0 | I31: 85.3 | J31: 170.6 | K31: Yes | L31: 1605 | M31: 32 | N31: 2 | O31: 28.5 | P31: =O31*1.05*J31*30/N31 -> 76578.075
P32: =sum(P19:P31) -> 4588223.8
A33: final_group | B33: hop_count | C33: route_sequence | D33: total_demand | E33: assigned_vehicle_length | F33: arrival_times | G33: departure_times | H33: distance_savings | I33: max_distance | J33: route_distance | K33: assigned | L33: updated_depot_departure | M33: Vehicle | N33: FRQ | O33: CpK | P33: Monthly Cost
A34: 660.0-0-0-5 hrs | B34: 2 | C34: CENTRALHUB_L_YKBX1 -> SATELLITEHUB_BULANDSHAHAR -> SATELLITEHUB_HLW1 -> CENTRALHUB_L_YKBX1 | D34: 937 | E34: 20 | F34: 1140.0:1800.0:2640.0 | G34: 1320.0:1980.0 | H34: 294 | I34: 372 | J34: 794 | K34: Yes | L34: 825 | M34: =VLOOKUP(C34,'3_Hop'!U:AE,11,0) -> 20 | N34: 1 | O34: =VLOOKUP(M34,'3_Hop'!AE:AG,3,0) -> 21 | P34: =O34*J34*1.05*30/N34 -> 525231
A35: 660.0-0-0-5 hrs | B35: 2 | C35: CENTRALHUB_L_YKBX1 -> SATELLITEHUB_BAREILLY -> SATELLITEHUB_BUDAUN1 -> CENTRALHUB_L_YKBX1 | D35: 1270 | E35: 22 | F35: 1500.0:1800.0:2610.0 | G35: 1680.0:1980.0 | H35: 599.8 | I35: 360 | J35: 690.2 | K35: Yes | L35: 855 | M35: =VLOOKUP(C35,'3_Hop'!U:AE,11,0) -> 22 | N35: 1 | O35: =VLOOKUP(M35,'3_Hop'!AE:AG,3,0) -> 21.5 | P35: =O35*J35*1.05*30/N35 -> 467437.95
A36: 0.0-0-0-5 hrs | B36: 1 | C36: CENTRALHUB_L_YKBX1 -> SATELLITEHUB_RUDRAPUR -> CENTRALHUB_L_YKBX1 | D36: 600 | E36: 14 | F36: 1800.0:2595.0 | G36: 1980 | H36: 0 | I36: 353 | J36: 706 | K36: Yes | L36: 1185 | M36: =VLOOKUP(C36,'3_Hop'!U:AE,11,0) -> 22 | N36: 1 | O36: =VLOOKUP(M36,'3_Hop'!AE:AG,3,0) -> 21.5 | P36: =O36*J36*1.05*0.5*30/N36 -> 239069.25
A37: 690.0-0-0-5 hrs | B37: 2 | C37: CENTRALHUB_L_YKBX1 -> SATELLITEHUB_DDN -> SATELLITEHUB_DDNHOPE -> CENTRALHUB_L_YKBX1 | D37: 1453 | E37: 24 | F37: 1560.0:1800.0:2595.0 | G37: 1740.0:1980.0 | H37: 564 | I37: 294 | J37: 588 | K37: Yes | L37: 975 | M37: 24 | N37: 1 | O37: =VLOOKUP(M37,'3_Hop'!AE:AG,3,0) -> 23 | P37: =O37*J37*1.05*30/N37 -> 426006
A38: 660.0-0-0-5 hrs | B38: 1 | C38: CENTRALHUB_L_YKBX1 -> SATELLITEHUB_MRD -> CENTRALHUB_L_YKBX1 | D38: 1233 | E38: 22 | F38: 1800.0:2430.0 | G38: 1980 | H38: 0 | I38: 264 | J38: 528 | K38: Yes | L38: 1350 | M38: =VLOOKUP(C38,'3_Hop'!U:AE,11,0) -> 22 | N38: 1 | O38: =VLOOKUP(M38,'3_Hop'!AE:AG,3,0) -> 21.5 | P38: =O38*J38*1.05*30/N38 -> 357588
A39: 660.0-0-0-5 hrs | B39: 3 | C39: CENTRALHUB_L_YKBX1 -> SATELLITEHUB_MZN -> SATELLITEHUB_HWRF1 -> SATELLITEHUB_KNL1 -> CENTRALHUB_L_YKBX1 | D39: 2137 | E39: 32 | F39: 1035.0:1305.0:1800.0:2325.0 | G39: 1155.0:1485.0:1980.0 | H39: 713 | I39: 262 | J39: 599 | K39: Yes | L39: 675 | M39: =VLOOKUP(C39,'3_Hop'!U:AE,11,0) -> 32 | N39: 1 | O39: =VLOOKUP(M39,'3_Hop'!AE:AG,3,0) -> 28.5 | P39: =O39*J39*1.05*30/N39 -> 537752.25
A40: 660.0-0-0-5 hrs | B40: 2 | C40: CENTRALHUB_L_YKBX1 -> SATELLITEHUB_JHUNJHUNU -> SATELLITEHUB_SIKAR -> CENTRALHUB_L_YKBX1 | D40: 696 | E40: 17 | F40: 1575.0:1800.0:2505.0 | G40: 1695.0:1980.0 | H40: 430.6 | I40: 249 | J40: 533.4 | K40: Yes | L40: 1050 | M40: 17 | N40: 1 | O40: =VLOOKUP(M40,'3_Hop'!AE:AG,3,0) -> 19 | P40: =O40*J40*1.05*30/N40 -> 319239.9
A41: 660.0-0-0-5 hrs | B41: 1 | C41: CENTRALHUB_L_YKBX1 -> SATELLITEHUB_AGR1 -> CENTRALHUB_L_YKBX1 | D41: 909 | E41: 20 | F41: 1800.0:2385.0 | G41: 1980 | H41: 0 | I41: 242 | J41: 484 | K41: Yes | L41: 1395 | M41: =VLOOKUP(C41,'3_Hop'!U:AE,11,0) -> 32 | N41: 1 | O41: =VLOOKUP(M41,'3_Hop'!AE:AG,3,0) -> 28.5 | P41: =O41*J41*1.05*30/N41 -> 434511
A42: 660.0-0-0-5 hrs | B42: 3 | C42: CENTRALHUB_L_YKBX1 -> SATELLITEHUB_MNR -> SATELLITEHUB_BIJNOR -> SATELLITEHUB_SHAMLI -> CENTRALHUB_L_YKBX1 | D42: 951 | E42: 20 | F42: 990.0:1380.0:1800.0:2265.0 | G42: 1110.0:1560.0:1980.0 | H42: 542 | I42: 228 | J42: 504 | K42: Yes | L42: 720 | M42: =VLOOKUP(C42,'3_Hop'!U:AE,11,0) -> 20 | N42: 1 | O42: =VLOOKUP(M42,'3_Hop'!AE:AG,3,0) -> 21 | P42: =O42*J42*1.05*30/N42 -> 333396
A43: 660.0-0-0-5 hrs | B43: 1 | C43: CENTRALHUB_L_YKBX1 -> SATELLITEHUB_SAHARANPUR -> CENTRALHUB_L_YKBX1 | D43: 1607 | E43: 24 | F43: 1800.0:2415.0 | G43: 1980 | H43: 0 | I43: 220 | J43: 440 | K43: Yes | L43: 1365 | M43: =VLOOKUP(C43,'3_Hop'!U:AE,11,0) -> 24 | N43: 1 | O43: =VLOOKUP(M43,'3_Hop'!AE:AG,3,0) -> 23 | P43: =O43*J43*1.05*30/N43 -> 318780
A44: 660.0-0-0-5 hrs | B44: 1 | C44: CENTRALHUB_L_YKBX1 -> SATELLITEHUB_FTH -> CENTRALHUB_L_YKBX1 | D44: 1158 | E44: 20 | F44: 1800.0:2355.0 | G44: 1980 | H44: 0 | I44: 212 | J44: 424 | K44: Yes | L44: 1425 | M44: =VLOOKUP(C44,'3_Hop'!U:AE,11,0) -> 20 | N44: 1 | O44: =VLOOKUP(M44,'3_Hop'!AE:AG,3,0) -> 21 | P44: =O44*J44*1.05*30/N44 -> 280476
A45: 660.0-0-0-5 hrs | B45: 3 | C45: CENTRALHUB_L_YKBX1 -> SATELLITEHUB_PANIPAT -> SATELLITEHUB_SONIPAT -> CENTRALHUB_L_YKBX1 | D45: 2259 | E45: 32 | F45: 1125.0:1545.0:1800.0:2160.0 | G45: 1305.0:1725.0:1980.0 | H45: 390.3 | I45: 184 | J45: 432.3 | K45: Yes | L45: 780 | M45: =VLOOKUP(C45,'3_Hop'!U:AE,11,0) -> #N/A | N45: 1 | O45: =VLOOKUP(M45,'3_Hop'!AE:AG,3,0) -> #N/A | P45: =O45*J45*1.05*30/N45 -> #N/A
A46: 660.0-0-0-5 hrs | B46: 2 | C46: CENTRALHUB_L_YKBX1 -> SATELLITEHUB_PALWAL -> SATELLITEHUB_ALGR -> CENTRALHUB_L_YKBX1 | D46: 1372 | E46: 24 | F46: 1440.0:1800.0:2295.0 | G46: 1620.0:1980.0 | H46: 171.7 | I46: 148 | J46: 309.3 | K46: Yes | L46: 1245 | M46: 24 | N46: 1 | O46: =VLOOKUP(M46,'3_Hop'!AE:AG,3,0) -> 23 | P46: =O46*J46*1.05*30/N46 -> 224087.85
A47: 720.0-0-0-5 hrs | B47: 1 | C47: CENTRALHUB_L_YKBX1 -> SATELLITEHUB_ALWAR -> CENTRALHUB_L_YKBX1 | D47: 812 | E47: 17 | F47: 1800.0:2265.0 | G47: 1980 | H47: 0 | I47: 127 | J47: 254 | K47: Yes | L47: 1515 | M47: 32 | N47: 1 | O47: =VLOOKUP(M47,'3_Hop'!AE:AG,3,0) -> 28.5 | P47: =O47*J47*1.05*30/N47 -> 228028.5
A48: 660.0-0-0-5 hrs | B48: 1 | C48: CENTRALHUB_L_YKBX1 -> SATELLITEHUB_GHAZIABAD -> CENTRALHUB_L_YKBX1 | D48: 772 | E48: 17 | F48: 1800.0:2175.0 | G48: 1980 | H48: 0 | I48: 61.4 | J48: 122.8 | K48: Yes | L48: 1605 | M48: =VLOOKUP(C48,'3_Hop'!U:AE,11,0) -> 17 | N48: 1 | O48: =VLOOKUP(M48,'3_Hop'!AE:AG,3,0) -> 19 | P48: =O48*J48*1.05*30/N48 -> 73495.8
A51: final_group | B51: hop_count | C51: route_sequence | D51: total_demand | E51: assigned_vehicle_length | F51: arrival_times | G51: departure_times | H51: distance_savings | I51: max_distance | J51: route_distance | K51: assigned | L51: updated_depot_departure
A52: 840.0-0-0-5 hrs | B52: 2 | C52: CENTRALHUB_L_YKBX1 -> SATELLITEHUB_RUDRAPUR -> SATELLITEHUB_HLW1 -> CENTRALHUB_L_YKBX1 | D52: 1308 | E52: 22 | F52: 1515.0:1800.0:2640.0 | G52: 1695.0:1980.0 | H52: 690 | I52: 372 | J52: 760 | K52: Yes | L52: 900
A53: 840.0-0-0-5 hrs | B53: 2 | C53: CENTRALHUB_L_YKBX1 -> SATELLITEHUB_BAREILLY -> SATELLITEHUB_BUDAUN1 -> CENTRALHUB_L_YKBX1 | D53: 1270 | E53: 22 | F53: 1500.0:1800.0:2610.0 | G53: 1680.0:1980.0 | H53: 599.8 | I53: 360 | J53: 690.2 | K53: Yes | L53: 855
A54: 780.0-0-0-5 hrs | B54: 2 | C54: CENTRALHUB_L_YKBX1 -> SATELLITEHUB_DDN -> SATELLITEHUB_DDNHOPE -> CENTRALHUB_L_YKBX1 | D54: 1551 | E54: 24 | F54: 1560.0:1800.0:2595.0 | G54: 1740.0:1980.0 | H54: 564 | I54: 294 | J54: 588 | K54: Yes | L54: 975
A55: 840.0-0-0-5 hrs | B55: 1 | C55: CENTRALHUB_L_YKBX1 -> SATELLITEHUB_MRD -> CENTRALHUB_L_YKBX1 | D55: 1233 | E55: 22 | F55: 1800.0:2430.0 | G55: 1980 | H55: 0 | I55: 264 | J55: 528 | K55: Yes | L55: 1350
A56: 840.0-0-0-5 hrs | B56: 2 | C56: CENTRALHUB_L_YKBX1 -> SATELLITEHUB_KNL1 -> SATELLITEHUB_HWRF1 -> CENTRALHUB_L_YKBX1 | D56: 1948 | E56: 32 | F56: 1305.0:1800.0:2460.0 | G56: 1485.0:1980.0 | H56: 327 | I56: 262 | J56: 601 | K56: Yes | L56: 960
A57: 840.0-0-0-5 hrs | B57: 2 | C57: CENTRALHUB_L_YKBX1 -> SATELLITEHUB_JHUNJHUNU -> SATELLITEHUB_SIKAR -> CENTRALHUB_L_YKBX1 | D57: 767 | E57: 17 | F57: 1515.0:1800.0:2505.0 | G57: 1695.0:1980.0 | H57: 430.6 | I57: 249 | J57: 533.4 | K57: Yes | L57: 990
A58: 840.0-0-0-5 hrs | B58: 3 | C58: CENTRALHUB_L_YKBX1 -> SATELLITEHUB_SHAMLI -> SATELLITEHUB_MZN -> SATELLITEHUB_BIJNOR -> CENTRALHUB_L_YKBX1 | D58: 1096 | E58: 20 | F58: 1215.0:1440.0:1800.0:2460.0 | G58: 1335.0:1620.0:1980.0 | H58: 647.8 | I58: 228 | J58: 496.2 | K58: Yes | L58: 930
A59: 840.0-0-0-5 hrs | B59: 1 | C59: CENTRALHUB_L_YKBX1 -> SATELLITEHUB_SAHARANPUR -> CENTRALHUB_L_YKBX1 | D59: 1607 | E59: 24 | F59: 1800.0:2415.0 | G59: 1980 | H59: 0 | I59: 220 | J59: 440 | K59: Yes | L59: 1365
A60: 840.0-0-0-5 hrs | B60: 1 | C60: CENTRALHUB_L_YKBX1 -> SATELLITEHUB_FTH -> CENTRALHUB_L_YKBX1 | D60: 1158 | E60: 20 | F60: 1800.0:2355.0 | G60: 1980 | H60: 0 | I60: 212 | J60: 424 | K60: Yes | L60: 1425
A61: 840.0-0-0-5 hrs | B61: 2 | C61: CENTRALHUB_L_YKBX1 -> SATELLITEHUB_ALGR -> SATELLITEHUB_BULANDSHAHAR -> CENTRALHUB_L_YKBX1 | D61: 1256 | E61: 22 | F61: 1455.0:1800.0:2295.0 | G61: 1635.0:1980.0 | H61: 245 | I61: 172 | J61: 395 | K61: Yes | L61: 1140
A62: 840.0-0-0-5 hrs | B62: 2 | C62: CENTRALHUB_L_YKBX1 -> SATELLITEHUB_PANIPAT -> SATELLITEHUB_SONIPAT -> CENTRALHUB_L_YKBX1 | D62: 1665 | E62: 32 | F62: 1545.0:1800.0:2160.0 | G62: 1725.0:1980.0 | H62: 190.3 | I62: 131 | J62: 264.3 | K62: Yes | L62: 1305
A64: final_group | B64: hop_count | C64: route_sequence | D64: total_demand | E64: assigned_vehicle_length | F64: arrival_times | G64: departure_times | H64: distance_savings | I64: max_distance | J64: route_distance | K64: assigned | L64: updated_depot_departure
A65: 840.0-0-0-5 hrs | B65: 2 | C65: CENTRALHUB_L_YKBX1 -> SATELLITEHUB_HLW1 -> SATELLITEHUB_RUDRAPUR -> CENTRALHUB_L_YKBX1 | D65: 1308 | E65: 22 | F65: 1515.0:1800.0:2595.0 | G65: 1695.0:1980.0 | H65: 690 | I65: 372 | J65: 760 | K65: Yes | L65: 855
A66: 840.0-0-0-5 hrs | B66: 2 | C66: CENTRALHUB_L_YKBX1 -> SATELLITEHUB_BAREILLY -> SATELLITEHUB_BUDAUN1 -> CENTRALHUB_L_YKBX1 | D66: 1270 | E66: 22 | F66: 1500.0:1800.0:2610.0 | G66: 1680.0:1980.0 | H66: 599.8 | I66: 360 | J66: 690.2 | K66: Yes | L66: 855
A67: 780.0-0-0-5 hrs | B67: 2 | C67: CENTRALHUB_L_YKBX1 -> SATELLITEHUB_DDN -> SATELLITEHUB_DDNHOPE -> CENTRALHUB_L_YKBX1 | D67: 1551 | E67: 24 | F67: 1560.0:1800.0:2595.0 | G67: 1740.0:1980.0 | H67: 564 | I67: 294 | J67: 588 | K67: Yes | L67: 975
A68: 840.0-0-0-5 hrs | B68: 2 | C68: CENTRALHUB_L_YKBX1 -> SATELLITEHUB_JHUNJHUNU -> SATELLITEHUB_SIKAR -> CENTRALHUB_L_YKBX1 | D68: 767 | E68: 17 | F68: 1515.0:1800.0:2505.0 | G68: 1695.0:1980.0 | H68: 430.6 | I68: 249 | J68: 533.4 | K68: Yes | L68: 990
A69: 840.0-0-0-5 hrs | B69: 2 | C69: CENTRALHUB_L_YKBX1 -> SATELLITEHUB_MZN -> SATELLITEHUB_HWRF1 -> CENTRALHUB_L_YKBX1 | D69: 1276 | E69: 22 | F69: 1470.0:1800.0:2460.0 | G69: 1650.0:1980.0 | H69: 386 | I69: 262 | J69: 522 | K69: Yes | L69: 1110
A70: 810.0-0-0-5 hrs | B70: 2 | C70: CENTRALHUB_L_YKBX1 -> SATELLITEHUB_KNL1 -> SATELLITEHUB_PANIPAT -> CENTRALHUB_L_YKBX1 | D70: 1798 | E70: 32 | F70: 1485.0:1800.0:2220.0 | G70: 1665.0:1980.0 | H70: 260.8 | I70: 202 | J70: 405.2 | K70: Yes | L70: 1140
A71: 840.0-0-0-5 hrs | B71: 2 | C71: CENTRALHUB_L_YKBX1 -> SATELLITEHUB_BULANDSHAHAR -> SATELLITEHUB_SHAMLI -> CENTRALHUB_L_YKBX1 | D71: 679 | E71: 14 | F71: 1320.0:1800.0:2205.0 | G71: 1500.0:1920.0 | H71: 165 | I71: 172 | J71: 483 | K71: Yes | L71: 1005
A72: 840.0-0-0-5 hrs | B72: 1 | C72: CENTRALHUB_L_YKBX1 -> SATELLITEHUB_SAHARANPUR -> CENTRALHUB_L_YKBX1 | D72: 1607 | E72: 24 | F72: 1800.0:2415.0 | G72: 1980 | H72: 0 | I72: 220 | J72: 440 | K72: Yes | L72: 1365
A73: 840.0-0-0-5 hrs | B73: 1 | C73: CENTRALHUB_L_YKBX1 -> SATELLITEHUB_FTH -> CENTRALHUB_L_YKBX1 | D73: 1158 | E73: 20 | F73: 1800.0:2355.0 | G73: 1980 | H73: 0 | I73: 212 | J73: 424 | K73: Yes | L73: 1425
A74: 840.0-0-0-5 hrs | B74: 1 | C74: CENTRALHUB_L_YKBX1 -> SATELLITEHUB_MRD -> CENTRALHUB_L_YKBX1 | D74: 1233 | E74: 22 | F74: 1800.0:2430.0 | G74: 1980 | H74: 0 | I74: 264 | J74: 528 | K74: Yes | L74: 1350
A75: 870.0-0-0-5 hrs | B75: 1 | C75: CENTRALHUB_L_YKBX1 -> SATELLITEHUB_BIJNOR -> CENTRALHUB_L_YKBX1 | D75: 489 | E75: 10 | F75: 1800.0:2460.0 | G75: 1980 | H75: 0 | I75: 228 | J75: 456 | K75: Yes | L75: 1320
A76: 870.0-0-0-5 hrs | B76: 1 | C76: CENTRALHUB_L_YKBX1 -> SATELLITEHUB_ALGR -> CENTRALHUB_L_YKBX1 | D76: 873 | E76: 17 | F76: 1800.0:2295.0 | G76: 1980 | H76: 0 | I76: 148 | J76: 296 | K76: Yes | L76: 1485
A79: final_group | B79: hop_count | C79: route_sequence | D79: total_demand | E79: assigned_vehicle_length | F79: arrival_times | G79: departure_times | H79: distance_savings | I79: max_distance | J79: route_distance | K79: assigned | L79: updated_depot_departure
A80: 840.0-0-0-5 hrs | B80: 2 | C80: CENTRALHUB_L_YKBX1 -> SATELLITEHUB_RUDRAPUR -> SATELLITEHUB_HLW1 -> CENTRALHUB_L_YKBX1 | D80: 1308 | E80: 22 | F80: 1515.0:1800.0:2640.0 | G80: 1695.0:1980.0 | H80: 690 | I80: 372 | J80: 760 | K80: Yes | L80: 900
A81: 840.0-0-0-5 hrs | B81: 2 | C81: CENTRALHUB_L_YKBX1 -> SATELLITEHUB_BAREILLY -> SATELLITEHUB_BUDAUN1 -> CENTRALHUB_L_YKBX1 | D81: 1270 | E81: 22 | F81: 1500.0:1800.0:2610.0 | G81: 1680.0:1980.0 | H81: 599.8 | I81: 360 | J81: 690.2 | K81: Yes | L81: 855
A82: 840.0-0-0-5 hrs | B82: 2 | C82: CENTRALHUB_L_YKBX1 -> SATELLITEHUB_DDN -> SATELLITEHUB_DDNHOPE -> CENTRALHUB_L_YKBX1 | D82: 1551 | E82: 24 | F82: 1560.0:1800.0:2595.0 | G82: 1740.0:1980.0 | H82: 564 | I82: 294 | J82: 588 | K82: Yes | L82: 975
A83: 840.0-0-0-5 hrs | B83: 1 | C83: CENTRALHUB_L_YKBX1 -> SATELLITEHUB_MRD -> CENTRALHUB_L_YKBX1 | D83: 1233 | E83: 22 | F83: 1800.0:2430.0 | G83: 1980 | H83: 0 | I83: 264 | J83: 528 | K83: Yes | L83: 1350
A84: 840.0-0-0-5 hrs | B84: 2 | C84: CENTRALHUB_L_YKBX1 -> SATELLITEHUB_KNL1 -> SATELLITEHUB_HWRF1 -> CENTRALHUB_L_YKBX1 | D84: 1948 | E84: 32 | F84: 1305.0:1800.0:2460.0 | G84: 1485.0:1980.0 | H84: 327 | I84: 262 | J84: 601 | K84: Yes | L84: 960
A85: 840.0-0-0-5 hrs | B85: 2 | C85: CENTRALHUB_L_YKBX1 -> SATELLITEHUB_JHUNJHUNU -> SATELLITEHUB_SIKAR -> CENTRALHUB_L_YKBX1 | D85: 767 | E85: 17 | F85: 1515.0:1800.0:2505.0 | G85: 1695.0:1980.0 | H85: 430.6 | I85: 249 | J85: 533.4 | K85: Yes | L85: 990
A86: 840.0-0-0-5 hrs | B86: 3 | C86: CENTRALHUB_L_YKBX1 -> SATELLITEHUB_SHAMLI -> SATELLITEHUB_MZN -> SATELLITEHUB_BIJNOR -> CENTRALHUB_L_YKBX1 | D86: 1096 | E86: 20 | F86: 1215.0:1440.0:1800.0:2460.0 | G86: 1335.0:1620.0:1980.0 | H86: 647.8 | I86: 228 | J86: 496.2 | K86: Yes | L86: 930
A87: 840.0-0-0-5 hrs | B87: 1 | C87: CENTRALHUB_L_YKBX1 -> SATELLITEHUB_SAHARANPUR -> CENTRALHUB_L_YKBX1 | D87: 1607 | E87: 24 | F87: 1800.0:2415.0 | G87: 1980 | H87: 0 | I87: 220 | J87: 440 | K87: Yes | L87: 1365
A88: 840.0-0-0-5 hrs | B88: 1 | C88: CENTRALHUB_L_YKBX1 -> SATELLITEHUB_FTH -> CENTRALHUB_L_YKBX1 | D88: 1158 | E88: 20 | F88: 1800.0:2355.0 | G88: 1980 | H88: 0 | I88: 212 | J88: 424 | K88: Yes | L88: 1425
A89: 840.0-0-0-5 hrs | B89: 2 | C89: CENTRALHUB_L_YKBX1 -> SATELLITEHUB_ALGR -> SATELLITEHUB_BULANDSHAHAR -> CENTRALHUB_L_YKBX1 | D89: 1256 | E89: 22 | F89: 1455.0:1800.0:2295.0 | G89: 1635.0:1980.0 | H89: 245 | I89: 172 | J89: 395 | K89: Yes | L89: 1140
A90: 840.0-0-0-5 hrs | B90: 1 | C90: CENTRALHUB_L_YKBX1 -> SATELLITEHUB_PANIPAT -> CENTRALHUB_L_YKBX1 | D90: 815 | E90: 17 | F90: 1800.0:2220.0 | G90: 1980 | H90: 0 | I90: 131 | J90: 262 | K90: Yes | L90: 1560

Sheet Clustering_Output
A1: location_name | B1: latitude | C1: longitude | D1: demand | E1: time_window_start (minutes) | F1: time_window_end (minutes) | G1: depot_departure (minutes) | H1: ML | I1: fixed_hop_position | J1: Freq_Allowed | K1: bearing | L1: bearing_group | M1: final_group
A2: CTL/PBI | B2: 26.104 | C2: 91.523 | D2: 0 | E2: 0 | F2: 5000 | G2: 0 | H2: 32 | J2: 1
A3: SAT/UGR | B3: 26.7232 | C3: 92.0801 | D3: 288.6 | E3: 20 | F3: 3240 | G3: 20 | H3: 32 | J3: 1 | K3: 38.737796 | L3: 0 | M3: 20.0-0
A4: SAT/PALASHBARI | B4: 26.11 | C4: 91.53 | D4: 540.2 | E4: 36 | F4: 3240 | G4: 36 | H4: 32 | J4: 1 | K4: 46.331146 | L4: 0 | M4: 36.0-0
A5: SAT/FKMAN | B5: 26.411 | C5: 91.972 | D5: 577.2 | E5: 20 | F5: 3240 | G5: 20 | H5: 32 | J5: 1 | K5: 52.578552 | L5: 0 | M5: 20.0-0
A6: SAT/PSG | B6: 28.0626 | C6: 95.3298 | D6: 170.2 | E6: 24 | F6: 3240 | G6: 24 | H6: 32 | J6: 1 | K6: 59.121216 | L6: 0 | M6: 24.0-0
A7: SAT/FKDMC | B7: 27.576 | C7: 94.503 | D7: 414.4 | E7: 7 | F7: 3240 | G7: 7 | H7: 32 | J7: 1 | K7: 60.364384 | L7: 0 | M7: 7.0-0
A8: SAT/FKNHL | B8: 27.161 | C8: 93.679 | D8: 773.3 | E8: 6 | F8: 3240 | G8: 6 | H8: 32 | J8: 1 | K8: 60.777319 | L8: 0 | M8: 6.0-0
A9: SAT/FKTEZ | B9: 26.705 | C9: 92.766 | D9: 928.7 | E9: 29 | F9: 3240 | G9: 29 | H9: 32 | J9: 1 | K9: 61.363424 | L9: 0 | M9: 29.0-0
A10: SAT/FKNLP | B10: 27.221 | C10: 94.079 | D10: 617.9 | E10: 7 | F10: 3240 | G10: 7 | H10: 32 | J10: 1 | K10: 63.371443 | L10: 0 | M10: 7.0-0
A11: SAT/DIBRUGARH | B11: 27.43 | C11: 94.97 | D11: 540.2 | E11: 26 | F11: 3240 | G11: 26 | H11: 32 | J11: 1 | K11: 65.921516 | L11: 0 | M11: 26.0-0
A12: SAT/DIG | B12: 27.479 | C12: 95.307 | D12: 403.3 | E12: 26 | F12: 3240 | G12: 26 | H12: 32 | J12: 1 | K12: 67.004873 | L12: 0 | M12: 26.0-0
A13: SAT/FKTSK | B13: 27.492 | C13: 95.443 | D13: 662.3 | E13: 26 | F13: 3240 | G13: 26 | H13: 32 | J13: 1 | K13: 67.486659 | L13: 0 | M13: 26.0-0
A14: SAT/MNT1 | B14: 27.259 | C14: 94.9109 | D14: 203.5 | E14: 3 | F14: 3240 | G14: 3 | H14: 32 | J14: 1 | K14: 68.360793 | L14: 0 | M14: 3.0-0
... A54: SAT/FKNLV | B54: 26.513 | C54: 91.261 | D54: 529.1 | E54: 19 | F54: 3240 | G54: 19 | H54: 32 | J54: 1 | K54: 330.192 | L54: 0 | M54: 19.0-0

Sheet Filtered_Routes
A1: route_sequence | B1: hubs | C1: hubs_set | D1: dist | E1: group | F1: monthly_cost | G1: Freq | H1: total_demand | I1: assigned_vehicle_length
A2: CTL/PBI -> SAT/UGR -> CTL/PBI | B2: ['SAT/UGR'] | C2: {'SAT/UGR'} | D2: 222 | E2: 20.0-0 | F2: 91575 | G2: 2 | H2: 577.2 | I2: 14
A3: CTL/PBI -> SAT/FKMAN -> CTL/PBI | B3: ['SAT/FKMAN'] | C3: {'SAT/FKMAN'} | D3: 141.8 | E3: 20.0-0 | F3: 70191 | G3: 2 | H3: 1154.4 | I3: 20
A4: CTL/PBI -> SAT/UGR -> SAT/FKMAN -> CTL/PBI | B4: ['SAT/UGR', 'SAT/FKMAN'] | C4: {'SAT/FKMAN', 'SAT/UGR'} | D4: 226.5 | E4: 20.0-0 | F4: 186862.5 | G4: 2 | H4: 1731.6 | I4: 32
A5: CTL/PBI -> SAT/PALASHBARI -> CTL/PBI | B5: ['SAT/PALASHBARI'] | C5: {'SAT/PALASHBARI'} | D5: 4 | E5: 36.0-0 | F5: 1980 | G5: 2 | H5: 1080.4 | I5: 20
A6: CTL/PBI -> SAT/PSG -> CTL/PBI | B6: ['SAT/PSG'] | C6: {'SAT/PSG'} | D6: 1168 | E6: 24.0-0 | F6: 481800 | G6: 2 | H6: 340.4 | I6: 10
A7: CTL/PBI -> SAT/MJI1 -> CTL/PBI | B7: ['SAT/MJI1'] | C7: {'SAT/MJI1'} | D7: 724 | E7: 24.0-0 | F7: 238920 | G7: 2 | H7: 207.2 | I7: 8
A8: CTL/PBI -> SAT/PSG -> SAT/MJI1 -> CTL/PBI | B8: ['SAT/PSG', 'SAT/MJI1'] | C8: {'SAT/MJI1', 'SAT/PSG'} | D8: 1154 | E8: 24.0-0 | F8: 476025 | G8: 2 | H8: 547.6 | I8: 14
A9: CTL/PBI -> SAT/FKDMC -> CTL/PBI | B9: ['SAT/FKDMC'] | C9: {'SAT/FKDMC'} | D9: 928 | E9: 7.0-0 | F9: 459360 | G9: 2 | H9: 828.8 | I9: 17
A10: CTL/PBI -> SAT/FKNLP -> CTL/PBI | B10: ['SAT/FKNLP'] | C10: {'SAT/FKNLP'} | D10: 756 | E10: 7.0-0 | F10: 374220 | G10: 2 | H10: 1235.8 | I10: 20
A11: CTL/PBI -> SAT/FKDMC -> SAT/FKNLP -> CTL/PBI | B11: ['SAT/FKDMC', 'SAT/FKNLP'] | C11: {'SAT/FKNLP', 'SAT/FKDMC'} | D11: 925.7 | E11: 7.0-0 | F11: 763702.5 | G11: 2 | H11: 2064.6 | I11: 32
A12: CTL/PBI -> SAT/FKNHL -> CTL/PBI | B12: ['SAT/FKNHL'] | C12: {'SAT/FKNHL'} | D12: 700 | E12: 6.0-0 | F12: 404250 | G12: 2 | H12: 1546.6 | I12: 24
A13: CTL/PBI -> SAT/FKTEZ -> CTL/PBI | B13: ['SAT/FKTEZ'] | C13: {'SAT/FKTEZ'} | D13: 432 | E13: 29.0-0 | F13: 356400 | G13: 2 | H13: 1857.4 | I13: 32
... A79: CTL/PBI -> SAT/NLV1 -> SAT/FKNLV -> CTL/PBI | B79: ['SAT/NLV1', 'SAT/FKNLV'] | C79: {'SAT/FKNLV', 'SAT/NLV1'} | D79: 202 | E79: 19.0-0 | F79: 166650 | G79: 2 | H79: 2050.2 | I79: 32

Sheet Misc
A1: final_group | B1: hop_count | C1: route_sequence | D1: total_demand | E1: assigned_vehicle_length | F1: arrival_times | G1: departure_times | H1: distance_savings | I1: max_distance | J1: route_distance | K1: assigned | L1: updated_depot_departure | M1: New Fleet Size | N1: FRQ | W1: source_hub | X1: LOCAL | Y1: ZONAL | Z1: COC code
A2: 15.0-0-0-5 hrs | B2: 2 | C2: CTL/KOL5 -> SATELLITEHUB_FKBGT -> SATELLITEHUB_FKRNG -> CTL/KOL5 | D2: 722 | E2: 17 | F2: 1335.0:1800.0:2835.0 | G2: 1515.0:1980.0 | H2: 709 | I2: 422 | J2: 919 | K2: Yes | L2: 390 | M2: 24 | N2: 2 | O2: =J2/N2 -> 459.5 | W2: AgartalaTCHub_AGA | X2: 2.27 | Y2: 2.27 | Z2: IXA/AGA
A3: 0.0-0-0-5 hrs | B3: 3 | C3: CTL/KOL5 -> SATELLITEHUB_FKSUT -> Satellitehub_MLDH -> SATELLITEHUB_FKMLD -> CTL/KOL5 | D3: 1585 | E3: 32 | F3: 1155.0:1545.0:1800.0:2670.0 | G3: 1335.0:1725.0:1980.0 | H3: 1138.4 | I3: 334 | J3: 669.6 | K3: Yes | L3: 600 | M3: 24 | N3: 1 | O3: =J3/N3 -> 669.6 | W3: HassanTcHub_HSN | X3: 0 | Y3: 1.5 | Z3: IXE/HTC
A4: 0.0-0-0-5 hrs | B4: 3 | C4: CTL/KOL5 -> SATELLITEHUB_FKASL -> SATELLITEHUB_FKPRR -> SATELLITEHUB_FKBQA -> CTL/KOL5 | D4: 2042 | E4: 32 | F4: 975.0:1395.0:1800.0:2355.0 | G4: 1155.0:1575.0:1980.0 | H4: 708.9 | I4: 258 | J4: 545.1 | K4: Yes | L4: 585 | M4: 32 | N4: 1 | O4: =J4/N4 -> 545.1 | W4: Motherhub_ABD | X4: 1.47 | Y4: 1.38 | Z4: AHD/ABD
A5: 0.0-0-0-5 hrs | B5: 3 | C5: CTL/KOL5 -> SATELLITEHUB_KWA -> SATELLITEHUB_FKBRM -> SATELLITEHUB_BRM2 -> CTL/KOL5 | D5: 2370 | E5: 32 | F5: 1155.0:1575.0:1800.0:2370.0 | G5: 1335.0:1755.0:1980.0 | H5: 606 | I5: 188 | J5: 394 | K5: Yes | L5: 780 | M5: 32 | N5: 1 | O5: =J5/N5 -> 394 | W5: Motherhub_ANJ | X5: 1.38 | Y5: 1.41 | Z5: BLR/ANJ
A6: 0.0-0-0-5 hrs | B6: 3 | C6: CTL/KOL5 -> SATELLITEHUB_DGPR -> SATELLITEHUB_DGPR6 -> SATELLITEHUB_FKSNT -> CTL/KOL5 | D6: 1792 | E6: 32 | F6: 1110.0:1350.0:1800.0:2430.0 | G6: 1290.0:1530.0:1980.0 | H6: 515.3 | I6: 167 | J6: 398.7 | K6: Yes | L6: 840 | M6: 32 | N6: 1 | O6: =J6/N6 -> 398.7 | W6: MotherHub_BLR | X6: 1.38 | Y6: 1.41 | Z6: BLR/BLR
A7: 0.0-0-0-5 hrs | B7: 3 | C7: CTL/KOL5 -> SATELLITEHUB_FKCNT -> SATELLITEHUB_KGP -> Satellitehub_GHTL -> CTL/KOL5 | D7: 2406 | E7: 32 | F7: 1095.0:1485.0:1800.0:2205.0 | G7: 1275.0:1665.0:1980.0 | H7: 380.2 | I7: 167 | J7: 411.8 | K7: Yes | L7: 705 | M7: 32 | N7: 1 | O7: =J7/N7 -> 411.8 | W7: Motherhub_BTS | X7: 1.54 | Y7: 1.59 | Z7: BOM/BTS
A8: 30.0-0-0-5 hrs | B8: 1 | C8: CTL/KOL5 -> SATELLITEHUB_KRP -> CTL/KOL5 | D8: 271 | E8: 8 | F8: 1800.0:2385.0 | G8: 1920 | H8: 0 | I8: 163 | J8: 326 | K8: Yes | L8: 1335 | M8: 20 | N8: 3 | O8: =J8/N8 -> 108.66667 | W8: MotherHub_CHG | X8: 1.64 | Y8: 1.61 | Z8: RAI/CHG
A9: 0.0-0-0-5 hrs | B9: 3 | C9: CTL/KOL5 -> SATELLITEHUB_FKABG -> Satellitehub_Bolpur -> SATELLITEHUB_BWN6 -> CTL/KOL5 | D9: 1480 | E9: 24 | F9: 1005.0:1470.0:1800.0:2235.0 | G9: 1185.0:1650.0:1980.0 | H9: 294 | I9: 133 | J9: 307.8 | K9: Yes | L9: 795 | M9: 24 | N9: 1 | O9: =J9/N9 -> 307.8 | W9: MotherHub_CJB | X9: 0.9 | Y9: 1.24 | Z9: CJB/CJB
A10: 0.0-0-0-5 hrs | B10: 3 | C10: CTL/KOL5 -> SATELLITEHUB_FKHLZ -> Satellitehub_MDN -> SATELLITEHUB_FKPKU -> CTL/KOL5 | D10: 2128 | E10: 32 | F10: 1230.0:1530.0:1800.0:2235.0 | G10: 1410.0:1710.0:1980.0 | H10: 334.2 | I10: 129 | J10: 313.6 | K10: Yes | L10: 945 | M10: 32 | N10: 1 | O10: =J10/N10 -> 313.6 | W10: MotherHub_COK | X10: 1.05 | Y10: 0.96 | Z10: COK/KRL
A11: 0.0-0-0-5 hrs | B11: 3 | C11: CTL/KOL5 -> SATELLITEHUB_FKBWN -> SATELLITEHUB_FKKNG -> Satellitehub_KNGH -> CTL/KOL5 | D11: 2063 | E11: 32 | F11: 960.0:1440.0:1800.0:2160.0 | G11: 1140.0:1620.0:1980.0 | H11: 187.1 | I11: 94.1 | J11: 278.5 | K11: Yes | L11: 780 | M11: 32 | N11: 1 | O11: =J11/N11 -> 278.5 | W11: MotherHub_CSK | X11: 1.6 | Y11: 1.47 | Z11: CHN/CSK
W12: Motherhub_CUT | X12: 1.29 | Y12: 1.35 | Z12: BHU/CUT
W13: Motherhub_DIC | X13: 1.49 | Y13: 1.63 | Z13: DEL/DIC
W14: MotherHub_FRK | X14: 1.36 | Y14: 1.63 | Z14: FRK/FRK
W15: Motherhub_GGN | X15: 1.36 | Y15: 1.63 | Z15: FRK/GGN
W16: MotherHub_HJR | X16: 2.84 | Y16: 2.24 | Z16: PAT/HJR
W17: Motherhub_HRN | X17: 1.98 | Y17: 1.93 | Z17: KOL/HRN
W18: Motherhub_Hub | X18: 1.16 | Y18: 1.24 | Z18: HUB/HUB
W19: MotherHub_HYP | X19: 1.82 | Y19: 1.55 | Z19: HYD/HYP
W20: Motherhub_IDO_BTS | X20: 1.59 | Y20: 1.44 | Z20: IDO/BTS
F21: 10 | G21: 361 | H21: 24 | I21: =H21*G21*F21 -> 86640 | W21: Motherhub_JAI_BTS | X21: 1.75 | Y21: 1.61 | Z21: JAI/BTS
F22: 30 | G22: 308 | H22: 24 | I22: =H22*G22*F22 -> 221760 | W22: MotherHub_JJH | X22: 3.21 | Y22: 0 | Z22: GUR/JJH
F23: 30 | G23: 279 | H23: 32 | I23: =H23*G23*F23 -> 267840 | W23: Motherhub_JKS | X23: 1.36 | Y23: 2.03 | Z23: DEL/JKS
I24: =SUM(I21:I23) -> 576240 | W24: Motherhub_LKO_BTS | X24: 2.08 | Y24: 1.99 | Z24: LKO/BTS
W25: Motherhub_LUH | X25: 1.93 | Y25: 1.86 | Z25: LUH/LUH
F26: 10 | G26: 361 | H26: 24 | I26: =H26*G26*F26 -> 86640 | W26: Motherhub_MAL | X26: 1.38 | Y26: 1.41 | Z26: BLR/MLR
F27: 30 | G27: 185 | H27: 24 | I27: =H27*G27*F27 -> 133200 | W27: MotherHub_MED | X27: 1.37 | Y27: 1.55 | Z27: HYD/MED
F28: 30 | G28: 203 | H28: 24 | I28: =H28*G28*F28 -> 146160 | W28: MotherHub_NAG_BTS | X28: 1.67 | Y28: 1.78 | Z28: NAG/BTS
F29: 15 | G29: 280 | H29: 24 | I29: =H29*G29*F29 -> 100800 | J29: =(433+449)*2 -> 1764 | W29: Motherhub_PLS | X29: 1.91 | Y29: 1.73 | Z29: GAU/PLS
I30: =sum(I26:I29) -> 466800 | W30: MotherHub_PUNE | X30: 1.51 | Y30: 1.52 | Z30: PNQ/PNQ
W31: Motherhub_RAC | X31: 1.98 | Y31: 1.69 | Z31: RAC/RAC
F32: 15 | G32: 330.4 | H32: 24 | I32: =H32*G32*F32 -> 118944 | J32: =869*2 -> 1738 | W32: Motherhub_SAI_4 | X32: 1.54 | Y32: 1.59 | Z32: MUM/SAI4
F33: 30 | G33: 285.7 | H33: 24 | I33: =H33*G33*F33 -> 205704 | W33: MotherHub_SIL | X33: 1.93 | Y33: 1.93 | Z33: BAG/SIL
F34: 30 | G34: 203 | H34: 24 | I34: =H34*G34*F34 -> 146160 | W34: MotherHub_STV | X34: 1.56 | Y34: 1.56 | Z34: SUR/SUR
I35: =SUM(I32:I34) -> 470808 | W35: MotherHub_STV_BTS | X35: 1.56 | Y35: 1.56 | Z35: SUR/BTS
W36: Motherhub_ULB | X36: 1.66 | Y36: 1.74 | Z36: CCU/ULB
A37: final_group | B37: hop_count | C37: route_sequence | D37: total_demand | E37: assigned_vehicle_length | F37: arrival_times | G37: departure_times | H37: distance_savings | I37: max_distance | J37: route_distance | K37: assigned | L37: updated_depot_departure | W37: Motherhub_VJN | X37: 1.43 | Y37: 1.4 | Z37: VIJ/VJN
A38: 15.0-0-0-5 hrs | B38: 2 | C38: CTL/KOL5 -> SATELLITEHUB_FKBGT -> SATELLITEHUB_FKRNG -> CTL/KOL5 | D38: 722 | E38: 17 | F38: 1335.0:1800.0:2835.0 | G38: 1515.0:1980.0 | H38: 709 | I38: 422 | J38: 919 | K38: Yes | L38: 390 | M38: 24 | N38: 2 | O38: =J38/N38 -> 459.5 | W38: Motherhub_VNI_BTS | X38: 1.28 | Y38: 1.45 | Z38: VNI/BTS
A39: 0.0-0-0-5 hrs | B39: 3 | C39: CTL/KOL5 -> SATELLITEHUB_FKSUT -> Satellitehub_MLDH -> SATELLITEHUB_FKMLD -> CTL/KOL5 | D39: 1585 | E39: 24 | F39: 1155.0:1545.0:1800.0:2670.0 | G39: 1335.0:1725.0:1980.0 | H39: 1138.4 | I39: 334 | J39: 669.6 | K39: Yes | L39: 600 | M39: 24 | N39: 1 | O39: =J39/N39 -> 669.6 | W39: MotherHub_YKB | X39: 1.36 | Y39: 1.63 | Z39: DEL/YKB
A40: 0.0-0-0-5 hrs | B40: 3 | C40: CTL/KOL5 -> SATELLITEHUB_FKASL -> SATELLITEHUB_FKPRR -> SATELLITEHUB_FKBQA -> CTL/KOL5 | D40: 2042 | E40: 32 | F40: 975.0:1395.0:1800.0:2355.0 | G40: 1155.0:1575.0:1980.0 | H40: 708.9 | I40: 258 | J40: 545.1 | K40: Yes | L40: 585 | M40: 32 | N40: 1 | O40: =J40/N40 -> 545.1 | W40: VizagTcHub_VTZ | X40: 1.58 | Y40: 1.55 | Z40: RJA/VTC
A41: 0.0-0-0-5 hrs | B41: 3 | C41: CTL/KOL5 -> SATELLITEHUB_KWA -> SATELLITEHUB_FKBRM -> SATELLITEHUB_BRM2 -> CTL/KOL5 | D41: 2370 | E41: 32 | F41: 1155.0:1575.0:1800.0:2370.0 | G41: 1335.0:1755.0:1980.0 | H41: 606 | I41: 188 | J41: 394 | K41: Yes | L41: 780 | M41: 32 | N41: 1 | O41: =J41/N41 -> 394
A42: 0.0-0-0-5 hrs | B42: 3 | C42: CTL/KOL5 -> SATELLITEHUB_DGPR -> SATELLITEHUB_DGPR6 -> SATELLITEHUB_FKSNT -> CTL/KOL5 | D42: 1792 | E42: 32 | F42: 1110.0:1350.0:1800.0:2430.0 | G42: 1290.0:1530.0:1980.0 | H42: 515.3 | I42: 167 | J42: 398.7 | K42: Yes | L42: 840 | M42: 32 | N42: 1 | O42: =J42/N42 -> 398.7
A43: 0.0-0-0-5 hrs | B43: 3 | C43: CTL/KOL5 -> SATELLITEHUB_FKCNT -> SATELLITEHUB_KGP -> Satellitehub_GHTL -> CTL/KOL5 | D43: 2406 | E43: 32 | F43: 1095.0:1485.0:1800.0:2205.0 | G43: 1275.0:1665.0:1980.0 | H43: 380.2 | I43: 167 | J43: 411.8 | K43: Yes | L43: 705 | M43: 32 | N43: 1 | O43: =J43/N43 -> 411.8
A44: 30.0-0-0-5 hrs | B44: 2 | C44: CTL/KOL5 -> SATELLITEHUB_KRP -> SATELLITEHUB_FKABG -> CTL/KOL5 | D44: 869 | E44: 17 | F44: 1395.0:1800.0:2190.0 | G44: 1515.0:1980.0 | H44: 132.8 | I44: 163 | J44: 330.4 | K44: Yes | L44: 930 | M44: 24 | N44: 2 | O44: =J44/N44 -> 165.2
A45: 0.0-0-0-5 hrs | B45: 3 | C45: CTL/KOL5 -> SATELLITEHUB_FKBWN -> Satellitehub_Bolpur -> SATELLITEHUB_BWN6 -> CTL/KOL5 | D45: 1541 | E45: 24 | F45: 1095.0:1470.0:1800.0:2235.0 | G45: 1275.0:1650.0:1980.0 | H45: 338.1 | I45: 133 | J45: 285.7 | K45: Yes | L45: 915 | M45: 24 | N45: 1 | O45: =J45/N45 -> 285.7
A46: 0.0-0-0-5 hrs | B46: 3 | C46: CTL/KOL5 -> SATELLITEHUB_FKHLZ -> Satellitehub_MDN -> SATELLITEHUB_FKPKU -> CTL/KOL5 | D46: 2128 | E46: 32 | F46: 1230.0:1530.0:1800.0:2235.0 | G46: 1410.0:1710.0:1980.0 | H46: 334.2 | I46: 129 | J46: 313.6 | K46: Yes | L46: 945 | M46: 32 | N46: 1 | O46: =J46/N46 -> 313.6
A47: 0.0-0-0-5 hrs | B47: 2 | C47: CTL/KOL5 -> SATELLITEHUB_FKKNG -> Satellitehub_KNGH -> CTL/KOL5 | D47: 1404 | E47: 24 | F47: 1440.0:1800.0:2160.0 | G47: 1620.0:1980.0 | H47: 103.4 | I47: 94.1 | J47: 203 | K47: Yes | L47: 1230 | M47: 24 | N47: 1 | O47: =J47/N47 -> 203

Sheet Sheet4

Sheet Distance_Matrix
A1: location 1 | B1: location 2 | C1: distance (km) | D1: Data_Found
A2: CTL/PBI | B2: CTL/PBI | C2: 0
A3: CTL/PBI | B3: SAT/AJL | C3: 521
A4: CTL/PBI | B4: SAT/BDPR1 | C4: 314
A5: CTL/PBI | B5: SAT/BKK1 | C5: 311
A6: CTL/PBI | B6: SAT/COB1 | C6: 335
A7: CTL/PBI | B7: SAT/DBI1 | C7: 234
A8: CTL/PBI | B8: SAT/DIG | C8: 504
A9: CTL/PBI | B9: SAT/DMP | C9: 285
A10: CTL/PBI | B10: SAT/DPU | C10: 268
A11: CTL/PBI | B11: SAT/FKBON | C11: 193
A12: CTL/PBI | B12: SAT/FKBPRD | C12: 106
A13: CTL/PBI | B13: SAT/FKCOB | C13: 332
... A3642: SAT/PALASHBARI | B3642: SAT/PALASHBARI | C3642: 0

Sheet Time_Matrix
A1: location 1 | B1: location 2 | C1: travel_time (minutes) | D1: Data_Found
A2: CTL/PBI | B2: CTL/PBI | C2: 0
A3: CTL/PBI | B3: SAT/AJL | C3: 1802
A4: CTL/PBI | B4: SAT/BDPR1 | C4: 1050
A5: CTL/PBI | B5: SAT/BKK1 | C5: 790
A6: CTL/PBI | B6: SAT/COB1 | C6: 874
A7: CTL/PBI | B7: SAT/DBI1 | C7: 734
A8: CTL/PBI | B8: SAT/DIG | C8: 1234
A9: CTL/PBI | B9: SAT/DMP | C9: 676
A10: CTL/PBI | B10: SAT/DPU | C10: 654
A11: CTL/PBI | B11: SAT/FKBON | C11: 506
A12: CTL/PBI | B12: SAT/FKBPRD | C12: 366
A13: CTL/PBI | B13: SAT/FKCOB | C13: 866
... A3616: SAT/PALASHBARI | B3616: SAT/PALASHBARI | C3616: 0
